userids,tweets,tokens,nodes,edges,avg_degrees,densities,outliers,social_similarities,interactions,interactions_p,betweenness_mean,betweenness_range,closeness,country,type
32829310,76436,968994,51,123,4.8235,0.0482,52.0,0.0088,8.3091,0.2138,0.0157,0.6961,0.0108,uk,urban
1368812845895479296,57368,904216,30,93,6.2,0.1069,24.1379,0.0096,1.46,16.381,0.0037,0.032,0.005,uk,rural
381764148,50306,740013,44,362,16.4545,0.1913,27.907,0.0326,1.5032,85.0909,0.0184,0.5141,0.0022,uk,rural
3303350045,38401,519209,21,24,2.2857,0.0571,85.0,0.0027,1.3,1.8261,0.0025,0.05,0.0073,uk,urban
160387099,38109,510824,44,69,3.1364,0.0365,69.7674,0.0113,2.1556,2.4035,0.0073,0.299,0.007,uk,urban
1357812176506007559,60067,1160159,72,1217,33.8056,0.2381,0.0,0.0389,1.6528,36.816,0.0122,0.165,0.0044,uk,urban
704091634,76927,1008366,50,86,3.44,0.0351,53.0612,0.0028,2.2613,0.6078,0.0073,0.3025,0.0098,uk,rural
970413948511162368,153193,2054701,125,2387,38.192,0.154,8.0645,0.0397,2.0889,90.0564,0.0095,0.2028,0.0022,uk,rural
4727424495,121556,1801170,87,236,5.4253,0.0315,33.7209,0.0037,4.4618,4.3067,0.0121,0.3723,0.0219,uk,urban
1068933746718633984,258343,2720856,135,491,7.2741,0.0271,21.6418,0.0048,3.8903,2.4688,0.0092,0.5393,0.0297,uk,urban
846416485182570496,105827,1413804,68,783,23.0294,0.1719,7.4627,0.0286,1.651,49.7612,0.0087,0.194,0.0122,uk,rural
608547371,31613,330313,39,265,13.5897,0.1788,5.2632,0.0265,1.3592,0.7046,0.0275,0.4853,0.0145,uk,rural
942149847167197186,28901,524543,16,40,5.0,0.1667,33.3333,0.0151,3.06,0.0,0.0292,0.2405,0.003,uk,rural
1296548625221390355,21965,188732,14,16,2.2857,0.0879,69.2308,0.0065,,0.0,0.0,0.0,0.0,uk,urban
952138382003593217,126061,2293927,77,236,6.1299,0.0403,18.4211,0.0045,2.4667,17.8364,0.0111,0.3473,0.0192,uk,urban
2462629769,155528,1456519,140,676,9.6571,0.0347,18.705,0.0097,3.3463,6.6951,0.005,0.6477,0.0024,uk,urban
51982301,54656,1234863,37,155,8.3784,0.1164,25.0,0.0133,2.0385,2.975,0.0154,0.2865,0.0177,uk,rural
1483883511610331144,45841,888174,79,936,23.6962,0.1519,1.2821,0.021,1.3846,21.2294,0.0155,0.4457,0.0225,uk,urban
2938628213,26924,401575,26,51,3.9231,0.0785,68.0,0.0044,0.8667,7.6667,0.0273,0.7083,0.0032,uk,urban
1076578618262896641,48445,649262,22,45,4.0909,0.0974,14.2857,0.0082,6.0577,1.2059,0.009,0.1357,0.0191,uk,rural
1226210086277799937,14,49,1,0,0.0,0.0,100.0,0.0,,0.0,0.0,0.0,0.0,uk,urban
1211523817,18140,332951,19,45,4.7368,0.1316,44.4444,0.0105,4.4571,5.5,0.017,0.2985,0.0107,uk,rural
1483523442683097091,68736,927669,59,448,15.1864,0.1309,13.7931,0.0156,2.1431,5.8455,0.0143,0.4524,0.02,uk,rural
45169646,142993,1769460,90,139,3.0889,0.0174,58.427,0.0014,1.2244,0.0911,0.0004,0.0337,0.0029,uk,urban
79178216,25424,395688,15,21,2.8,0.1,57.1429,0.0154,1.1286,1.2571,0.0048,0.0714,0.0111,uk,rural
2797771585,39185,508059,17,34,4.0,0.125,56.25,0.0122,9.813,10.399,0.0145,0.2396,0.0158,uk,rural
3840161241,51823,659689,33,69,4.1818,0.0653,53.125,0.0071,1.3905,0.2641,0.0167,0.5086,0.0068,uk,rural
117197347,127446,1739115,86,233,5.4186,0.0319,22.3529,0.0028,2.3378,0.7909,0.0037,0.1882,0.0081,uk,rural
1430661119090302976,29,348,1,0,0.0,0.0,100.0,0.0,,0.0,0.0,0.0,0.0,uk,rural
1503787322386624513,100163,1535862,58,316,10.8966,0.0956,8.7719,0.0123,5.56,26.8962,0.0202,0.7457,0.0172,uk,rural
727422534409424896,249768,4656123,125,1117,17.872,0.0721,14.5161,0.0108,2.629,10.3715,0.0136,0.3244,0.0139,uk,rural
920564204146515969,96481,1420577,72,147,4.0833,0.0288,47.8873,0.0034,2.3867,1.2053,0.0018,0.1119,0.0039,uk,rural
257119812,90087,1587449,71,147,4.1408,0.0296,51.4286,0.004,0.9235,0.903,0.0046,0.2909,0.0055,uk,urban
23859313,78270,1246168,51,506,19.8431,0.1984,10.0,0.0155,4.1907,5.1735,0.017,0.5003,0.0119,uk,urban
1457026958752108551,4659,50577,4,4,2.0,0.3333,100.0,0.0097,0.3,0.0,0.0833,0.3333,0.0111,uk,rural
167843669,58239,722747,27,44,3.2593,0.0627,50.0,0.0049,1.4111,7.4667,0.0038,0.0492,0.0032,uk,urban
1484487951916670986,174741,1826648,88,479,10.8864,0.0626,12.6437,0.0151,2.4273,72.8511,0.0159,0.6214,0.0256,uk,urban
3212486177,65100,765359,59,257,8.7119,0.0751,10.3448,0.0095,1.8259,2.7923,0.029,0.5085,0.0354,uk,urban
1392797458200203268,22117,289982,11,62,11.2727,0.5636,0.0,0.0515,2.6171,0.4114,0.0727,0.1889,0.0529,uk,rural
4181497335,49579,837943,44,177,8.0455,0.0936,32.5581,0.0172,1.3556,5.2564,0.0265,0.5342,0.0123,uk,urban
76666169,175505,3008094,107,472,8.8224,0.0416,23.5849,0.005,2.1693,91.9714,0.011,0.3996,0.0115,uk,urban
1484846028134260742,2628,33809,8,17,4.25,0.3036,57.1429,0.0103,0.7286,2.9231,0.119,0.7143,0.0145,uk,urban
102952156,3250,70590,1,0,0.0,0.0,100.0,0.0,,0.0,0.0,0.0,0.0,uk,rural
329864887,40325,486502,35,115,6.5714,0.0966,20.5882,0.0075,2.6245,0.1818,0.0285,0.8736,0.0086,uk,urban
19999707,66663,866101,43,103,4.7907,0.057,35.7143,0.0063,5.761,1.0903,0.0125,0.5293,0.0038,uk,urban
168824958,49762,677626,58,664,22.8966,0.2008,3.5088,0.0254,2.5209,5.1325,0.0143,0.308,0.0002,uk,rural
351799779,81328,1597347,128,1365,21.3281,0.084,8.6614,0.0124,1.262,12.0212,0.0096,0.4503,0.0278,uk,urban
80457450,99033,593409,54,186,6.8889,0.065,32.0755,0.0038,2.3951,0.6511,0.0203,0.6914,0.0328,uk,urban
248225598,109938,1999380,109,890,16.3303,0.0756,15.7407,0.023,1.9107,10.668,0.0103,0.4175,0.0176,uk,urban
1481230382423060482,78301,1187153,53,203,7.6604,0.0737,13.4615,0.0127,0.9719,102.6667,0.008,0.2223,0.0123,uk,urban
1482039352863735808,151591,1933960,111,1344,24.2162,0.1101,9.0909,0.0314,2.0142,101.2258,0.0072,0.0576,0.0124,uk,urban
248108763,72830,1277789,50,125,5.0,0.051,34.6939,0.007,3.7897,2.4213,0.0026,0.0685,0.006,uk,urban
2283939017,178959,1707209,96,287,5.9792,0.0315,28.4211,0.0029,4.95,11.9243,0.0076,0.2755,0.0195,uk,urban
1177689046694449153,23779,448381,34,319,18.7647,0.2843,12.1212,0.0313,1.6737,28.7792,0.019,0.1935,0.0089,uk,urban
1328177851,27863,400199,53,445,16.7925,0.1615,9.6154,0.021,1.047,7.4268,0.016,0.4495,0.0087,uk,rural
329580632,14394,235251,10,13,2.6,0.1444,55.5556,0.0055,,0.0,0.0111,0.1111,0.015,uk,urban
28425284,172859,1868968,106,451,8.5094,0.0405,24.7619,0.0056,6.0594,2.6919,0.0078,0.6763,0.0092,uk,rural
837427335741734912,17009,249726,11,35,6.3636,0.3182,40.0,0.0215,1.7826,7.7234,0.0162,0.1,0.0237,uk,rural
1226207234910228481,19263,231189,29,45,3.1034,0.0554,82.1429,0.0026,0.3,0.2,0.0158,0.4583,0.0043,uk,rural
1317834290688909312,75640,1434059,59,553,18.7458,0.1616,0.0,0.0369,1.9559,27.1161,0.0259,0.2155,0.01,uk,rural
148455722,32698,405140,22,49,4.4545,0.1061,42.8571,0.0092,2.9562,4.2556,0.031,0.4155,0.0243,uk,urban
935256917332709376,134,1881,1,0,0.0,0.0,100.0,0.0,,0.0,0.0,0.0,0.0,uk,urban
226549170,230601,3987226,149,1136,15.2483,0.0515,15.5405,0.0071,5.4498,4.9727,0.0118,0.5624,0.0308,uk,rural
1327976677734014979,179182,2144947,136,1015,14.9265,0.0553,16.2963,0.0103,2.4185,32.212,0.0058,0.3536,0.0241,uk,rural
1183431240365547520,139041,2566729,81,267,6.5926,0.0412,23.75,0.0084,2.0438,3.4405,0.0063,0.095,0.0058,uk,rural
344161779,59354,736805,28,51,3.6429,0.0675,51.8519,0.0052,2.91,3.8099,0.0074,0.198,0.0067,uk,urban
65644201,121496,1756555,127,1562,24.5984,0.0976,3.9683,0.0143,1.7975,8.9108,0.0077,0.4162,0.0093,uk,rural
1539251587,35421,535186,24,107,8.9167,0.1938,8.6957,0.0093,4.1862,1.017,0.045,0.4206,0.0347,uk,rural
62806030,172942,2097604,79,768,19.443,0.1246,3.8462,0.0169,4.4611,5.4622,0.0088,0.4657,0.0019,uk,rural
1488640672123043843,15760,334096,6,11,3.6667,0.3667,0.0,0.052,5.96,0.0,0.0667,0.2,0.0191,uk,urban
1020588980,75051,705442,70,815,23.2857,0.1687,5.7971,0.0281,3.0887,3.3694,0.0103,0.4467,0.0003,uk,urban
477175888,109274,1507428,66,898,27.2121,0.2093,13.8462,0.031,4.8985,4.0851,0.0123,0.3349,0.0154,uk,urban
1442548085519904772,60706,1108502,69,904,26.2029,0.1927,2.9412,0.0245,1.855,184.5,0.0125,0.1871,0.0094,uk,rural
1426339118896852995,10593,81719,42,255,12.1429,0.1481,12.1951,0.0183,1.3947,57.8889,0.0246,0.4127,0.005,uk,urban
1488562518272454657,148377,2513652,178,3153,35.427,0.1001,1.6949,0.0304,1.2107,98.8833,0.0077,0.343,0.0203,uk,urban
404322109,1792,16046,1,0,0.0,0.0,100.0,0.0,,0.0,0.0,0.0,0.0,uk,urban
1484757212287406087,57684,593712,126,178,2.8254,0.0113,67.2,0.0051,0.81,0.5882,0.0012,0.1176,0.004,uk,urban
1094341283185868800,50642,766095,31,110,7.0968,0.1183,16.6667,0.0258,2.4895,38.4167,0.0394,0.4797,0.0262,uk,rural
1358462097785520130,106846,1977546,80,518,12.95,0.082,16.4557,0.011,1.5846,4.3952,0.0089,0.2591,0.0032,uk,urban
1501882276392615939,94760,1990782,109,877,16.0917,0.0745,4.6296,0.0158,2.6781,609.6,0.0137,0.5202,0.0198,uk,rural
1260182073358405632,19245,328738,32,79,4.9375,0.0796,41.9355,0.0057,,0.0,0.0223,0.658,0.0057,uk,urban
588603749,112906,1696156,104,699,13.4423,0.0653,10.6796,0.0237,1.6754,6.9973,0.0224,0.2996,0.0154,uk,rural
24411487,172738,1878611,95,297,6.2526,0.0333,15.9574,0.0035,3.9311,1.7142,0.0043,0.3155,0.0053,uk,urban
470171337,105959,1520389,87,542,12.4598,0.0724,30.2326,0.0107,1.881,4.5324,0.0089,0.4375,0.0034,uk,rural
1174372166982414336,243,3307,1,0,0.0,0.0,100.0,0.0,,0.0,0.0,0.0,0.0,uk,urban
838353600099274753,131390,1320734,116,1514,26.1034,0.1135,2.6087,0.0208,2.8781,21.9072,0.0096,0.6333,0.0206,uk,urban
435140593,31380,703206,25,64,5.12,0.1067,37.5,0.0114,1.4,8.8,0.0433,0.5069,0.0204,uk,rural
25095443,137884,2126896,84,399,9.5,0.0572,25.3012,0.0075,2.4798,15.9121,0.0096,0.2571,0.0017,uk,rural
1507652490589872130,48916,807432,45,380,16.8889,0.1919,2.2727,0.0194,2.4299,20.2342,0.024,0.2514,0.0249,uk,rural
27832897,10923,147990,21,42,4.0,0.1,55.0,0.0051,0.525,0.75,0.0254,0.4803,0.0133,uk,urban
3048306245,350,3876,1,0,0.0,0.0,100.0,0.0,,0.0,0.0,0.0,0.0,uk,urban
2242745620,40556,700587,30,73,4.8667,0.0839,41.3793,0.0061,1.145,4.4524,0.0098,0.216,0.0122,uk,rural
1115725838090100736,142662,2348916,88,694,15.7727,0.0906,4.5977,0.0101,2.2108,50.4065,0.0111,0.3177,0.0134,uk,rural
21931075,54529,737625,40,93,4.65,0.0596,30.7692,0.004,3.0,0.4508,0.0073,0.259,0.0085,uk,urban
36521451,94374,1312823,70,264,7.5429,0.0547,23.1884,0.0128,2.7538,2.0938,0.0137,0.6659,0.0145,uk,rural
1212494887255326720,38152,656965,28,84,6.0,0.1111,29.6296,0.0153,1.0111,1.6377,0.0273,0.3877,0.0175,uk,urban
1484861271493206020,11286,173838,11,29,5.2727,0.2636,40.0,0.013,0.3,0.0,0.0717,0.7352,0.0016,uk,urban
977217463195721729,41661,635896,44,225,10.2273,0.1189,16.2791,0.0113,0.7429,0.6378,0.0163,0.5204,0.0041,uk,rural
556293154,82650,1211769,91,950,20.8791,0.116,8.8889,0.0266,0.9579,5.2222,0.0141,0.5818,0.014,uk,urban
2437460904,53498,709097,46,309,13.4348,0.1493,22.2222,0.0262,8.081,5.3994,0.0169,0.4023,0.012,uk,urban
862003284,44844,397221,31,160,10.3226,0.172,13.3333,0.0165,6.1953,0.5435,0.0263,0.6682,0.0001,uk,rural
3300750958,62466,882020,60,251,8.3667,0.0709,22.0339,0.013,1.7299,6.0327,0.0201,0.4263,0.0239,uk,rural
878926003,83408,1233506,101,870,17.2277,0.0861,8.0,0.0133,2.1836,15.6866,0.0114,0.495,0.0137,uk,rural
2499382948,709,12227,1,0,0.0,0.0,100.0,0.0,,0.0,0.0,0.0,0.0,uk,urban
2389880110,107470,1616925,61,128,4.1967,0.035,33.3333,0.0056,1.6203,0.6511,0.0031,0.1393,0.0083,uk,urban
28154817,42125,551531,26,43,3.3077,0.0662,64.0,0.0039,5.35,0.4658,0.0089,0.225,0.0065,uk,urban
619219510,20228,427669,12,30,5.0,0.2273,27.2727,0.0237,3.8957,0.3196,0.0129,0.1227,0.014,uk,rural
1465477528768950277,56,848,1,0,0.0,0.0,100.0,0.0,,0.0,0.0,0.0,0.0,uk,urban
2902025502,894,15968,1,0,0.0,0.0,100.0,0.0,,0.0,0.0,0.0,0.0,uk,urban
111357013,6905,100853,11,16,2.9091,0.1455,60.0,0.0036,1.2,0.0,0.0505,0.3556,0.0279,uk,rural
408767756,71386,930286,59,117,3.9661,0.0342,58.6207,0.0026,1.8,0.0,0.0044,0.2238,0.0063,uk,urban
404098144,71137,1052012,53,376,14.1887,0.1364,11.5385,0.0167,3.2048,5.9381,0.0226,0.3854,0.0047,uk,urban
1474714545826451461,544906,4086776,255,2183,17.1216,0.0337,12.5984,0.0117,4.5607,173.8044,0.0068,0.1587,0.0072,uk,urban
154949873,31449,447864,34,89,5.2353,0.0793,21.2121,0.0061,1.2267,2.8333,0.0212,0.3673,0.022,uk,urban
846228132,168655,3128122,128,546,8.5312,0.0336,19.685,0.0043,2.1034,9.5172,0.0106,0.4171,0.0307,uk,rural
1367368384191602688,57683,832426,33,86,5.2121,0.0814,34.375,0.0099,7.8333,0.3483,0.0102,0.2608,0.0046,uk,urban
1305998961539534848,7916,102489,7,27,7.7143,0.6429,0.0,0.0402,0.6222,4.6,0.0714,0.2444,0.0,uk,urban
993221353,7459,88493,5,6,2.4,0.3,50.0,0.026,15.0667,29.1333,0.0,0.0,0.0,uk,urban
19077290,104016,1579858,74,173,4.6757,0.032,30.137,0.0038,2.4644,1.6293,0.0034,0.2096,0.0046,uk,urban
829684826206793729,92599,1694524,154,4039,52.4545,0.1714,0.6536,0.0285,1.4844,85.5903,0.0067,0.3901,0.0147,uk,urban
1440804493944188928,78933,987703,124,175,2.8226,0.0115,82.9268,0.0193,0.3,1.0,0.0005,0.0569,0.0019,uk,urban
899906618636349440,84513,1458391,53,93,3.5094,0.0337,55.7692,0.0034,2.0829,0.5062,0.0023,0.0743,0.0051,uk,rural
2864400375,42773,748284,32,72,4.5,0.0726,22.5806,0.0081,3.7643,8.0085,0.0096,0.2681,0.0111,uk,urban
996806849562324994,81565,1299166,139,1554,22.3597,0.081,7.2464,0.0112,2.5448,234.0952,0.0111,0.5749,0.017,uk,rural
400177670,66629,884554,42,229,10.9048,0.133,19.5122,0.0132,4.7622,1.8817,0.0183,0.4506,0.0031,uk,rural
277627270,82782,1086884,71,723,20.3662,0.1455,2.8571,0.0179,3.2591,4.4104,0.0126,0.6466,0.0143,uk,urban
2468303363,157917,2010811,106,1223,23.0755,0.1099,5.7143,0.0158,3.166,6.6372,0.0086,0.3682,0.015,uk,rural
1280900353,126537,1970802,61,260,8.5246,0.071,28.3333,0.0076,5.0987,1.95,0.0087,0.3064,0.0045,uk,urban
890498261135630338,58431,999015,91,922,20.2637,0.1126,5.5556,0.0209,1.4904,20.425,0.0118,0.3241,0.0093,uk,urban
314110794,46456,700212,24,60,5.0,0.1087,13.0435,0.0125,1.75,1.0588,0.0198,0.3804,0.0156,uk,rural
2533279665,3238,25383,1,0,0.0,0.0,100.0,0.0,,0.0,0.0,0.0,0.0,uk,urban
752456800100909056,88919,1418148,56,377,13.4643,0.1224,23.6364,0.0118,2.7771,3.3076,0.0194,0.5626,0.0185,uk,rural
3339880863,26537,410091,40,224,11.2,0.1436,23.0769,0.0156,3.0862,21.9487,0.0242,0.4013,0.0016,uk,rural
573795356,96259,1398686,70,399,11.4,0.0826,7.2464,0.0137,6.3256,2.7128,0.014,0.7013,0.0104,uk,rural
3404218942,74587,1114413,80,546,13.65,0.0864,5.0633,0.0163,1.1561,10.7385,0.0158,0.4656,0.0167,uk,urban
1230088844067950592,47846,657931,37,63,3.4054,0.0473,41.6667,0.0081,3.4278,5.7065,0.0014,0.0278,0.0047,uk,urban
46504712,66606,967546,72,164,4.5556,0.0321,52.1127,0.0061,1.5212,40.8333,0.0045,0.2902,0.0031,uk,rural
825669973565698048,116737,1772861,60,352,11.7333,0.0994,5.0847,0.0137,3.7954,9.1794,0.0204,0.3817,0.0225,uk,rural
1338891006,81738,1382647,61,251,8.2295,0.0686,13.3333,0.0101,2.4759,1.0,0.0205,0.4817,0.0187,uk,urban
194572083,158832,2353742,106,439,8.283,0.0394,28.5714,0.0062,2.3459,5.2353,0.0069,0.4458,0.0144,uk,rural
1436396990829563915,18599,199475,21,30,2.8571,0.0714,45.0,0.0097,0.44,1.4444,0.0029,0.05,0.008,uk,urban
732941959153717248,1153,13036,1,0,0.0,0.0,100.0,0.0,,0.0,0.0,0.0,0.0,uk,urban
386962178,110616,1747485,79,813,20.5823,0.1319,6.4103,0.0181,3.8915,19.4392,0.0136,0.347,0.0074,uk,rural
223987247,1017,14359,1,0,0.0,0.0,100.0,0.0,,0.0,0.0,0.0,0.0,uk,urban
258978366,54860,816279,41,80,3.9024,0.0488,40.0,0.0036,1.2273,2.6486,0.0102,0.3641,0.0095,uk,urban
36099289,92158,1389471,56,410,14.6429,0.1331,5.4545,0.017,2.9294,1.4141,0.0167,0.5578,0.0069,uk,rural
2712406717,51995,681305,34,91,5.3529,0.0811,45.4545,0.0048,5.5228,2.269,0.0113,0.3475,0.0068,uk,urban
16202323,94660,924688,82,304,7.4146,0.0458,48.1481,0.0115,5.1348,261.4444,0.0093,0.6337,0.0076,uk,urban
2155637632,199102,2964350,126,507,8.0476,0.0322,19.2,0.0046,2.3339,9.8747,0.0196,0.5115,0.0487,uk,rural
337101252,23483,300376,22,116,10.5455,0.2511,23.8095,0.0137,6.6756,21.0726,0.0311,0.3914,0.0077,uk,rural
268513745,117179,2050429,102,594,11.6471,0.0577,16.8317,0.0084,3.6637,1.6218,0.0094,0.5224,0.014,uk,rural
310666265,123271,1499221,68,280,8.2353,0.0615,10.4478,0.0067,2.9801,2.5521,0.0207,0.502,0.0255,uk,urban
1884147883,35367,640993,33,138,8.3636,0.1307,15.625,0.0311,1.132,1.6952,0.0318,0.2504,0.016,uk,urban
198813081,49042,456694,50,193,7.72,0.0788,38.7755,0.0103,2.323,1.7461,0.0142,0.5988,0.005,uk,urban
1420339747130589189,51,405,1,0,0.0,0.0,100.0,0.0,,0.0,0.0,0.0,0.0,uk,urban
1082694094185484288,2685,45699,4,10,5.0,0.8333,0.0,0.0124,3.0,0.0,0.0833,0.1667,0.0,uk,urban
1399368103801364490,94954,1328038,79,280,7.0886,0.0454,26.9231,0.0066,1.887,0.3043,0.0172,0.7611,0.0436,uk,rural
1484884735570714626,116511,1815979,84,347,8.2619,0.0498,12.0482,0.01,10.2752,62.4337,0.0122,0.7352,0.0091,uk,rural
1079303636327514112,20300,318698,18,126,14.0,0.4118,11.7647,0.0667,2.592,14.6774,0.0321,0.2492,0.0065,uk,rural
70082094,86437,1355488,58,149,5.1379,0.0451,36.8421,0.0044,2.2943,1.0929,0.0134,0.5423,0.0181,uk,rural
828137173228597248,30461,421017,26,96,7.3846,0.1477,24.0,0.0105,5.25,15.1538,0.0267,0.4026,0.0136,uk,urban
41599331,34572,515410,33,95,5.7576,0.09,21.875,0.009,2.8227,8.4091,0.0223,0.2637,0.0281,uk,urban
847531996788248577,9424,89399,6,8,2.6667,0.2667,100.0,0.0162,1.7,0.0,0.1,0.6,0.0121,uk,urban
831040530,85435,1124097,56,139,4.9643,0.0451,36.3636,0.0072,1.7116,4.0068,0.0055,0.2298,0.0068,uk,rural
298549237,85827,940672,49,171,6.9796,0.0727,18.75,0.0124,2.5444,37.1667,0.0318,0.5667,0.0284,uk,rural
1070055507711401986,116817,1418626,89,732,16.4494,0.0935,6.8182,0.0164,2.7265,8.148,0.0097,0.5925,0.0087,uk,rural
51579922,61195,1129660,57,402,14.1053,0.1259,10.7143,0.0145,3.7662,1.9522,0.0127,0.2872,0.0006,uk,rural
1201936144583315456,94403,1353252,85,1669,39.2706,0.2338,8.3333,0.0562,1.4726,11.913,0.0089,0.2493,0.0,uk,rural
1139870722086637568,67394,1014524,87,684,15.7241,0.0914,11.6279,0.0261,1.8557,27.6491,0.0076,0.5699,0.0,uk,urban
1475211304591839232,178376,1717223,141,681,9.6596,0.0345,10.0,0.007,2.1457,16.5391,0.0091,0.4123,0.0308,uk,urban
70647989,64730,1243175,51,110,4.3137,0.0431,22.0,0.0067,1.003,1.2986,0.0045,0.2154,0.0055,uk,rural
1089174556877770752,719,15605,1,0,0.0,0.0,100.0,0.0,,0.0,0.0,0.0,0.0,uk,urban
1069731431725850625,94864,1268526,130,466,7.1692,0.0278,31.7829,0.0105,0.927,0.0,0.003,0.053,0.0024,uk,urban
151786594,100621,1344922,64,434,13.5625,0.1076,23.8095,0.0164,0.9975,18.95,0.012,0.227,0.0144,uk,rural
719533664309284864,78198,1283430,46,199,8.6522,0.0961,44.4444,0.0103,3.349,4.0337,0.0167,0.4031,0.0017,uk,urban
453457546,69430,1102413,54,145,5.3704,0.0507,54.717,0.0053,2.8288,4.1614,0.0102,0.3,0.0145,uk,urban
1401926665,8361,72548,5,7,2.8,0.35,50.0,0.0189,0.75,2.0,0.1167,0.3333,0.0056,uk,urban
1476852065750163466,197740,2314748,119,342,5.7479,0.0244,35.5932,0.0037,4.9634,2530.3333,0.0002,0.0169,0.0026,uk,rural
133432673,94667,1397592,62,318,10.2581,0.0841,14.7541,0.0108,2.0552,1.1342,0.0217,0.5633,0.0207,uk,rural
368976843,130358,2143088,124,1093,17.629,0.0717,13.8211,0.014,1.5211,15.9631,0.009,0.4586,0.012,uk,urban
1125475662,23555,350493,33,151,9.1515,0.143,18.75,0.0213,1.5028,15.3939,0.0359,0.735,0.0178,uk,urban
1508850142241345540,6563,106907,7,7,2.0,0.1667,100.0,0.0039,,0.0,0.0238,0.1667,0.0144,uk,rural
1378391323561099269,38734,372161,58,179,6.1724,0.0541,38.5965,0.0078,0.8522,7.1667,0.0052,0.0838,0.0041,uk,urban
1436122715350515713,52218,799900,31,84,5.4194,0.0903,16.6667,0.0143,1.6697,13.1282,0.0038,0.0521,0.0054,uk,rural
1234156521170313216,208117,3120576,122,1137,18.6393,0.077,12.3967,0.011,2.1947,34.4729,0.0065,0.219,0.0008,uk,rural
971766575639429120,43819,979306,42,191,9.0952,0.1109,2.439,0.0261,1.4375,45.0,0.043,0.4739,0.029,uk,rural
2567306327,91572,1212962,63,362,11.4921,0.0927,9.6774,0.0113,10.0582,2.8879,0.0219,0.298,0.0203,uk,rural
1432682575655489552,177177,3717032,138,2363,34.2464,0.125,5.1095,0.0303,2.0383,139.8667,0.0094,0.1931,0.0087,uk,urban
1193654311215124480,62658,1008681,55,997,36.2545,0.3357,1.8519,0.0694,1.0874,33.2642,0.0148,0.1447,0.0069,uk,rural
2269651804,32582,516829,14,20,2.8571,0.1099,61.5385,0.0091,4.675,2.2241,0.0,0.0,0.0,uk,urban
1391433588353216514,19791,318053,17,47,5.5294,0.1728,31.25,0.012,0.9214,3.1613,0.0417,0.5667,0.0145,uk,urban
355617416,15249,201063,13,41,6.3077,0.2628,25.0,0.0312,0.6625,0.0,0.0501,0.5316,0.0074,uk,urban
1473406257608507395,22452,409501,30,289,19.2667,0.3322,0.0,0.041,1.6533,33.6047,0.022,0.2171,0.0118,uk,urban
1461025662421118991,137057,2067801,108,630,11.6667,0.0545,20.5607,0.0083,1.5763,104.0833,0.0125,0.4886,0.0179,uk,rural
101367591,5921,97858,4,4,2.0,0.3333,100.0,0.0111,1.05,0.0,0.0833,0.3333,0.0111,uk,rural
1346169170535264262,160013,1935693,109,717,13.156,0.0609,5.5556,0.0158,3.1866,14.9053,0.0076,0.5201,0.0166,uk,urban
44746814,52320,848854,50,156,6.24,0.0637,18.3673,0.0087,5.0175,1.5812,0.0187,0.4257,0.0332,uk,urban
1469418521675272193,210727,2685506,216,1467,13.5833,0.0316,30.6977,0.0085,6.0755,300.0152,0.004,0.3235,0.0157,uk,urban
1390764169549565956,45873,856179,38,361,19.0,0.2568,2.7027,0.0343,2.7445,34.8901,0.0223,0.2515,0.002,uk,rural
1002701334783713281,348,4108,2,1,1.0,0.5,100.0,0.0,,0.0,0.0,0.0,0.0,uk,rural
311466681,97840,1510544,140,1939,27.7,0.0996,3.5971,0.0227,1.7535,7.2949,0.0085,0.4586,0.0116,uk,urban
1447205938604044299,29085,266585,12,33,5.5,0.25,45.4545,0.0355,4.9045,7.3643,0.0235,0.1818,0.0256,uk,urban
58809188,65,1345,1,0,0.0,0.0,100.0,0.0,,0.0,0.0,0.0,0.0,uk,urban
472971170,319,5112,2,2,2.0,1.0,100.0,0.0,,0.0,0.0,0.0,0.0,uk,urban
2361387596,130961,1750330,81,267,6.5926,0.0412,15.0,0.0072,3.5975,1.2082,0.0207,0.4586,0.0283,uk,rural
1431734502192304135,70,1036,1,0,0.0,0.0,100.0,0.0,,0.0,0.0,0.0,0.0,uk,urban
314163471,107741,1436940,97,345,7.1134,0.037,23.9583,0.0057,1.717,6.3707,0.0126,0.6316,0.0297,uk,urban
56351788,122728,1798877,79,241,6.1013,0.0391,21.7949,0.0053,1.8662,4.7945,0.0097,0.4368,0.0194,uk,rural
833375090393935874,31726,495760,27,82,6.0741,0.1168,26.9231,0.0306,0.8217,4.5588,0.0013,0.01,0.0015,uk,urban
1230918662330241024,15072,228079,9,13,2.8889,0.1806,25.0,0.0173,0.36,0.5,0.0,0.0,0.0,uk,urban
902945520456519680,18555,243692,14,17,2.4286,0.0934,61.5385,0.0026,0.3,0.0,0.0055,0.0769,0.011,uk,urban
1093072296493895681,209,4292,1,0,0.0,0.0,100.0,0.0,,0.0,0.0,0.0,0.0,uk,urban
1188371633582596096,88181,1506032,92,1352,29.3913,0.1615,7.6923,0.0307,2.5853,8.803,0.0101,0.4554,0.0029,uk,rural
984464960892866560,68526,1162767,49,362,14.7755,0.1539,4.1667,0.023,3.773,9.2046,0.0241,0.2852,0.0174,uk,rural
1245433078853636105,49338,829084,81,874,21.5802,0.1349,11.25,0.0285,1.7043,7.441,0.012,0.5336,0.0105,uk,rural
1501849480479576066,14659,237083,11,13,2.3636,0.1182,80.0,0.0045,0.3,0.0,0.0091,0.1,0.013,uk,rural
1545858856496029696,111686,1160780,53,820,30.9434,0.2975,9.6154,0.0467,2.8147,201.3333,0.0184,0.1746,0.0164,uk,rural
1322857551592083463,12980,165339,11,34,6.1818,0.3091,30.0,0.0088,2.7,0.0,0.0758,0.3204,0.0269,uk,urban
1246921925072424962,6342,44135,8,11,2.75,0.1964,42.8571,0.0097,0.3667,0.375,0.0179,0.1429,0.0182,uk,urban
2803805994,49053,674319,32,107,6.6875,0.1079,25.8065,0.0054,2.7192,6.3646,0.0232,0.6497,0.007,uk,urban
1375088371618439174,47456,672504,101,2356,46.6535,0.2333,6.0,0.0676,1.2345,30.0662,0.0084,0.3398,0.0006,uk,rural
393496982,64002,832364,42,101,4.8095,0.0587,39.0244,0.0048,1.46,96.3333,0.0093,0.335,0.0079,uk,urban
1253995501957124096,34305,383698,41,295,14.3902,0.1799,15.0,0.0449,2.0568,38.8776,0.0231,0.6121,0.0039,uk,rural
1231204059257942020,52668,555590,29,149,10.2759,0.1835,10.7143,0.0197,10.6195,6.7639,0.0174,0.2514,0.0014,uk,rural
11451662,78308,1227107,41,114,5.561,0.0695,20.0,0.0061,3.0558,0.3639,0.023,0.6193,0.0347,uk,rural
1483201602437713927,82454,1566345,68,520,15.2941,0.1141,7.4627,0.0232,1.311,0.0,0.011,0.0819,0.0062,uk,urban
1545896825726685184,5195,70735,5,5,2.0,0.25,100.0,0.0055,0.3,0.0,0.05,0.25,0.0143,uk,rural
1106311121181511680,12444,241542,15,52,6.9333,0.2476,35.7143,0.0142,1.0545,0.0,0.0484,0.5272,0.0066,uk,urban
914106317161336832,455,5604,1,0,0.0,0.0,100.0,0.0,,0.0,0.0,0.0,0.0,uk,urban
1521095726037614592,17672,316411,19,35,3.6842,0.1023,55.5556,0.0067,0.8364,0.3731,0.0237,0.4363,0.0096,uk,rural
1443172150202994691,452,5112,1,0,0.0,0.0,100.0,0.0,,0.0,0.0,0.0,0.0,uk,urban
1655586296,74288,1055729,47,237,10.0851,0.1096,8.6957,0.0134,3.8234,1.0232,0.0182,0.4757,0.0194,uk,rural
290006301,152929,2473382,111,443,7.982,0.0363,28.1818,0.0072,1.8,4.3276,0.0108,0.4372,0.0331,uk,urban
1101596670352080896,68867,1347999,54,186,6.8889,0.065,37.7358,0.0083,3.7743,4.5504,0.008,0.2275,0.0191,uk,urban
742241372992851968,115482,1414115,96,1079,22.4792,0.1183,10.5263,0.0144,2.6772,3.1902,0.0104,0.5354,0.0055,uk,urban
528484724,39867,414699,33,56,3.3939,0.053,84.375,0.0034,7.5,74.0,0.0178,0.5549,0.0061,uk,urban
1057456683813871616,51062,622641,49,126,5.1429,0.0536,29.1667,0.004,2.3345,16.359,0.0089,0.2671,0.0125,uk,urban
3075865648,154411,1411876,117,375,6.4103,0.0276,29.3103,0.0041,2.2324,2.8824,0.0118,0.638,0.0499,uk,urban
1253313757700395011,201180,2470986,130,2552,39.2615,0.1522,10.0775,0.0417,3.0724,13.1202,0.0066,0.5553,0.0013,uk,rural
3416122175,46078,731816,48,240,10.0,0.1064,19.1489,0.013,1.7383,1.2097,0.023,0.7095,0.0195,uk,rural
162081673,104720,1460351,65,219,6.7385,0.0526,34.375,0.006,3.8198,1.3112,0.0091,0.5323,0.0055,uk,urban
1356656678452817920,39290,497255,18,35,3.8889,0.1144,47.0588,0.0101,1.0364,0.0,0.0018,0.0239,0.0025,uk,urban
1264592819412443138,166177,3171623,103,429,8.3301,0.0408,15.6863,0.0065,1.9377,1.9092,0.0159,0.4344,0.0375,uk,rural
1276639421547319299,33887,541804,31,169,10.9032,0.1817,16.6667,0.0197,3.2458,21.9118,0.036,0.4113,0.0322,uk,urban
1370497411504865282,8042,153203,8,9,2.25,0.1607,71.4286,0.001,0.6,0.0,0.0179,0.1429,0.0152,uk,urban
1255416939842883584,17796,230035,12,42,7.0,0.3182,0.0,0.0206,5.6857,0.0,0.0341,0.1091,0.0278,uk,rural
15340129,43001,719001,43,123,5.7209,0.0681,50.0,0.0098,1.0125,0.2226,0.0229,0.6564,0.0187,uk,rural
22924397,21746,237162,29,198,13.6552,0.2438,17.8571,0.018,1.2432,17.2333,0.0243,0.4581,0.0022,uk,urban
775695913624932352,63720,1235716,43,86,4.0,0.0476,30.9524,0.0044,1.6,0.7968,0.0067,0.1739,0.0138,uk,urban
1068507084197691392,48568,802291,34,73,4.2941,0.0651,15.1515,0.0063,2.8238,15.9429,0.0055,0.1184,0.0126,uk,urban
1489249940626759688,270541,2911773,214,1431,13.3738,0.0314,4.6948,0.0113,2.934,0.0,0.0173,0.5,0.008,uk,urban
28834172,26547,397796,23,43,3.7391,0.085,45.4545,0.0073,2.7071,6.8958,0.0148,0.2522,0.0168,uk,urban
2328673281,204177,3799666,113,437,7.7345,0.0345,24.1071,0.0046,2.547,3.6143,0.0103,0.4153,0.0261,uk,rural
1468163204413071362,22,350,1,0,0.0,0.0,100.0,0.0,,0.0,0.0,0.0,0.0,uk,urban
289492216,180978,2545262,118,1173,19.8814,0.085,17.094,0.0148,2.2735,3.2647,0.0097,0.5113,0.0015,uk,rural
20288911,121070,1880957,104,1276,24.5385,0.1191,6.7961,0.021,1.5411,17.1452,0.0123,0.24,0.0125,uk,urban
493254718,20449,383096,15,16,2.1333,0.0762,85.7143,0.0067,1.7667,0.0,0.0048,0.0714,0.0096,uk,urban
741932980814401536,7876,113471,9,11,2.4444,0.1528,100.0,0.0101,1.55,0.0,0.0417,0.375,0.0135,uk,urban
1344548485,49239,732748,50,139,5.56,0.0567,32.6531,0.0137,2.4382,13.2931,0.0197,0.5763,0.0213,uk,rural
3245305385,65757,862411,45,185,8.2222,0.0934,18.1818,0.0215,1.6541,11.0,0.0142,0.2358,0.0058,uk,rural
856147891,3164,61979,1,0,0.0,0.0,100.0,0.0,,0.0,0.0,0.0,0.0,uk,urban
1321800712985153536,200164,2377977,159,1789,22.5031,0.0712,3.1646,0.0115,1.8689,46.3858,0.0088,0.4631,0.0134,uk,urban
1077372059645341696,86725,970924,84,1540,36.6667,0.2209,13.253,0.045,2.6903,767.2222,0.0078,0.2335,0.0149,uk,urban
1370728802138132482,119504,1806698,148,2649,35.7973,0.1218,2.7211,0.0312,2.1114,34.9288,0.0072,0.2585,0.0103,uk,urban
1376899585566728193,15768,285198,15,25,3.3333,0.119,50.0,0.0058,1.9333,1.0351,0.0498,0.3791,0.032,uk,urban
637245554,57461,706579,73,522,14.3014,0.0993,11.1111,0.0176,3.258,2.8136,0.0104,0.6032,0.0031,uk,urban
145951848,58019,707243,33,114,6.9091,0.108,43.75,0.0086,8.3375,0.3321,0.0217,0.6394,0.004,uk,urban
1433071032613625857,235853,2530975,133,903,13.5789,0.0514,3.7879,0.0142,3.6938,84.2214,0.0191,0.293,0.015,uk,urban
1061378237912305665,67712,907433,61,247,8.0984,0.0675,18.3333,0.0113,4.2295,1.1429,0.0286,0.3571,0.0037,uk,rural
3331383472,160704,2659865,119,1005,16.8908,0.0716,3.3898,0.0106,3.1515,6.08,0.0122,0.415,0.0208,uk,urban
1302914907529240581,26562,472151,19,25,2.6316,0.0731,77.7778,0.0076,1.5,0.0,0.0065,0.1111,0.0099,uk,urban
1316519466839224320,133594,1910535,115,1324,23.0261,0.101,14.9123,0.0323,1.5375,5.0734,0.0115,0.3943,0.0066,uk,urban
1479302102648303616,118396,1842890,90,707,15.7111,0.0883,5.618,0.0193,2.2694,208.9167,0.025,0.2842,0.0295,uk,urban
1465014459341148167,45115,580280,65,649,19.9692,0.156,10.9375,0.0276,0.9744,138.6667,0.0156,0.302,0.0133,uk,urban
136398534,26520,432689,30,90,6.0,0.1034,44.8276,0.0094,1.26,0.7581,0.0241,0.5359,0.0183,uk,rural
1548610602008023040,23516,555576,21,100,9.5238,0.2381,15.0,0.0274,1.8545,0.0,0.041,0.3013,0.0101,uk,rural
867074123620593665,23691,271701,16,29,3.625,0.1208,60.0,0.007,1.7429,0.0796,0.0247,0.3833,0.0108,uk,urban
1459726729,46873,597970,24,37,3.0833,0.067,47.8261,0.0084,0.8182,0.1538,0.0007,0.0069,0.0013,uk,rural
755427056,36546,555988,29,75,5.1724,0.0924,42.8571,0.0067,7.1364,3.816,0.0148,0.2896,0.0131,uk,rural
330363754,94679,1245635,77,357,9.2727,0.061,13.1579,0.007,2.8913,2.5376,0.0067,0.3257,0.008,uk,rural
1446151951171870729,43470,736731,45,330,14.6667,0.1667,18.1818,0.0159,1.3706,28.125,0.0189,0.4007,0.0173,uk,rural
1349199740,298829,3683636,163,784,9.6196,0.0297,6.7901,0.0055,1.7747,4.2559,0.0059,0.0782,0.0073,uk,urban
1358754754218835968,109303,1649071,68,295,8.6765,0.0647,16.4179,0.0073,4.5634,24.4558,0.0165,0.487,0.0252,uk,rural
908270682,96317,1074693,72,205,5.6944,0.0401,29.5775,0.0058,2.7906,6.2602,0.0079,0.4877,0.0073,uk,urban
1303070215287304192,6757,114891,10,31,6.2,0.3444,11.1111,0.0339,4.8647,4.0736,0.0778,0.6528,0.0114,uk,rural
1337502359715504130,14968,206210,12,24,4.0,0.1818,36.3636,0.0172,5.2,0.0,0.0152,0.1818,0.0211,uk,rural
18170082,90193,1458164,59,135,4.5763,0.0395,27.5862,0.0045,1.2775,0.5254,0.0099,0.3105,0.0155,uk,urban
1276092302893690880,54923,661788,42,77,3.6667,0.0447,53.6585,0.0069,2.8529,0.0,0.0007,0.0256,0.0011,uk,urban
1122542797406519296,18975,258674,12,34,5.6667,0.2576,9.0909,0.0093,3.92,4.0909,0.0167,0.15,0.0149,uk,rural
825408434958897152,26236,342955,20,45,4.5,0.1184,31.5789,0.0047,1.6118,0.0703,0.0192,0.367,0.007,uk,urban
1040886521841295360,51318,805184,40,130,6.5,0.0833,43.5897,0.0079,2.1595,3.0311,0.0039,0.0989,0.0117,uk,urban
1490938047894011908,148775,1119851,91,664,14.5934,0.0811,12.2222,0.0156,3.0604,106.1125,0.0183,0.4832,0.0501,uk,urban
884392308518551552,187011,1707037,138,660,9.5652,0.0349,23.3577,0.008,3.685,17.85,0.0082,0.2836,0.0109,uk,urban
1290188556191895552,27969,331054,16,35,4.375,0.1458,40.0,0.0076,1.6,41.6667,0.0134,0.1167,0.0099,uk,urban
3890729782,11438,117903,9,31,6.8889,0.4306,37.5,0.0204,5.6818,3.7348,0.0337,0.2768,0.0282,uk,urban
49699180,22146,378918,19,46,4.8421,0.1345,33.3333,0.0147,3.8067,1.1547,0.0464,0.7026,0.0175,uk,rural
714226241767936001,92950,1459282,94,1420,30.2128,0.1624,12.9032,0.0288,1.6466,63.1316,0.0118,0.2557,0.0242,uk,rural
803571353790148608,53485,1110753,37,153,8.2703,0.1149,16.6667,0.016,2.2385,3.7967,0.0256,0.3578,0.0074,uk,urban
2711933216,56661,886448,64,305,9.5312,0.0756,23.8095,0.0147,4.49,6.6659,0.0191,0.6324,0.024,uk,urban
1231227851090939909,19367,387580,16,38,4.75,0.1583,13.3333,0.0086,0.7889,0.2241,0.0571,0.7119,0.0184,uk,rural
1323937435,1392,22771,1,0,0.0,0.0,100.0,0.0,,0.0,0.0,0.0,0.0,uk,urban
2431659784,94878,1381003,164,977,11.9146,0.0365,27.6074,0.0212,1.1355,13.3125,0.0072,0.4961,0.0081,uk,rural
2987489135,44850,641963,39,170,8.7179,0.1147,28.9474,0.014,1.2622,28.1875,0.0379,0.4118,0.006,uk,urban
2702192453,187352,2519194,111,436,7.8559,0.0357,22.7273,0.0068,6.4855,14.5408,0.0124,0.4509,0.0313,uk,rural
1258015618269396994,78830,1487939,58,417,14.3793,0.1261,10.5263,0.0186,3.3116,38.8817,0.0217,0.4685,0.01,uk,rural
1413530802701357059,183382,1615926,187,831,8.8877,0.0239,9.6774,0.0043,1.8725,75.8205,0.0165,0.4264,0.0005,uk,urban
887766308988891137,43393,454973,75,302,8.0533,0.0544,24.3243,0.0114,0.8224,1.5238,0.0058,0.1201,0.0045,uk,rural
1428109602944659464,50771,738761,33,130,7.8788,0.1231,15.625,0.0119,4.3776,24.6465,0.0131,0.269,0.0098,uk,rural
1476942943944642560,61426,1132067,55,445,16.1818,0.1498,7.4074,0.0232,1.0946,0.0,0.0146,0.226,0.0075,uk,rural
1207048213292822528,46162,874328,33,152,9.2121,0.1439,3.125,0.0137,1.3171,50.2222,0.0279,0.2083,0.0157,uk,rural
1163808948748558336,147514,2553029,117,1998,34.1538,0.1472,3.4483,0.0335,2.1956,6.8626,0.0098,0.2031,0.0025,uk,rural
301550238,122952,1483530,96,554,11.5417,0.0607,20.0,0.0077,1.3612,8.3077,0.0073,0.5539,0.0083,uk,rural
811864280,24805,420189,25,174,13.92,0.29,0.0,0.0294,0.6296,27.3333,0.0357,0.3664,0.0153,uk,rural
1164165656826322944,61519,1035147,48,250,10.4167,0.1108,36.1702,0.0127,2.2021,9.0667,0.0201,0.4792,0.011,uk,rural
800108446045474816,45774,789490,88,2647,60.1591,0.3457,0.0,0.0871,1.1867,41.7212,0.0088,0.0753,0.0128,uk,rural
162071071,229200,3359127,96,572,11.9167,0.0627,15.7895,0.0124,3.5675,178.4545,0.0062,0.1007,0.0045,uk,urban
19963526,58428,874180,45,172,7.6444,0.0869,13.6364,0.0058,6.036,0.2544,0.0265,0.5138,0.0407,uk,rural
42468989,145771,1516239,94,605,12.8723,0.0692,18.2796,0.0077,4.7213,3.2186,0.006,0.4293,0.0029,uk,urban
1455925169000755202,37924,517242,40,83,4.15,0.0532,23.0769,0.0042,0.7143,3.1667,0.013,0.2304,0.0161,uk,urban
609349902,43709,725366,33,238,14.4242,0.2254,6.25,0.0205,1.7421,19.6875,0.029,0.4713,0.0066,uk,rural
1251280098042564609,22692,330208,21,46,4.381,0.1095,35.0,0.0079,2.7111,3.6476,0.0187,0.3092,0.0132,uk,urban
342857895,87577,1127207,62,253,8.1613,0.0669,31.1475,0.0088,17.3732,2.321,0.0104,0.4811,0.0156,uk,rural
1499297171425878016,31285,453264,25,303,24.24,0.505,0.0,0.0575,4.6993,99.8971,0.0232,0.1359,0.0003,uk,rural
85328258,102697,986729,90,1288,28.6222,0.1608,12.3596,0.0293,4.4975,37.6722,0.0102,0.433,0.0022,uk,rural
1489191565448949761,17609,363534,12,22,3.6667,0.1667,9.0909,0.0101,1.2,0.0,0.0068,0.0364,0.005,uk,urban
21147832,67736,1203641,62,254,8.1935,0.0672,29.5082,0.0092,1.3575,6.0284,0.0155,0.636,0.0208,uk,urban
3405013942,95116,1101073,61,414,13.5738,0.1131,16.6667,0.0149,1.9721,18.9,0.0111,0.4511,0.012,uk,rural
20204790,62269,933942,77,398,10.3377,0.068,27.6316,0.0091,0.8791,125.0,0.016,0.5861,0.0211,uk,urban
1456209934069141509,6850,103937,8,10,2.5,0.1786,71.4286,0.0045,,0.0,0.0327,0.2619,0.0131,uk,urban
20153347,54196,784229,55,216,7.8545,0.0727,16.6667,0.0082,1.4,3.2124,0.0132,0.6077,0.0085,uk,urban
1163073562405670912,163251,2429731,126,2601,41.2857,0.1651,0.8,0.0294,1.649,18.0928,0.0075,0.2669,0.003,uk,rural
1482968880196857856,17077,240825,14,22,3.1429,0.1209,84.6154,0.0046,49.3,0.0,0.0385,0.5385,0.0096,uk,urban
1464579629579186181,7401,83662,5,8,3.2,0.4,50.0,0.0153,1.56,2.7143,0.0667,0.3333,0.0133,uk,rural
1106236474096345089,13699,181961,16,198,24.75,0.825,0.0,0.0464,9.4921,6.6044,0.0125,0.028,0.0008,uk,rural
382282232,95542,1076734,52,161,6.1923,0.0607,29.4118,0.0069,4.2137,3.2181,0.0156,0.5716,0.017,uk,urban
3131166496,41828,710990,30,71,4.7333,0.0816,51.7241,0.0063,4.3276,0.9044,0.0225,0.4255,0.014,uk,urban
1323552784675934208,62551,1007265,40,270,13.5,0.1731,5.1282,0.0184,5.8037,15.9144,0.023,0.3658,0.0276,uk,rural
1455375449857613824,137656,1922172,71,1099,30.9577,0.2211,11.4286,0.0272,4.6458,296.1163,0.0115,0.2132,0.014,uk,urban
833134802115125251,64604,931286,42,143,6.8095,0.083,26.8293,0.0128,2.4128,5.5172,0.0148,0.5058,0.009,uk,rural
898110474629373952,19653,295504,27,120,8.8889,0.1709,23.0769,0.0211,1.0375,14.0909,0.0478,0.3551,0.0075,uk,rural
1270835375741730816,195828,2122978,107,884,16.5234,0.0779,19.8113,0.0077,5.7289,4.6294,0.0072,0.6005,0.0024,uk,rural
225156644,66388,1272567,67,362,10.806,0.0819,18.1818,0.0152,1.9097,130.5556,0.0115,0.3717,0.0086,uk,urban
1491503917850669062,24883,387938,14,18,2.5714,0.0989,76.9231,0.009,6.9,0.0,0.0165,0.2308,0.0129,uk,rural
1474700236215967746,157184,2507727,95,679,14.2947,0.076,4.2553,0.0123,5.1568,115.7868,0.0136,0.2407,0.0065,uk,urban
2217376348,6041,72123,4,3,1.5,0.25,100.0,0.0032,1.2,0.0,0.0,0.0,0.0,uk,rural
2345137631,98867,1617457,60,133,4.4333,0.0376,28.8136,0.0049,2.629,13.5536,0.0043,0.1455,0.0114,uk,rural
1440331659228762117,55808,1097443,59,606,20.5424,0.1771,3.4483,0.0314,1.2705,42.0,0.0177,0.4712,0.0107,uk,rural
1317976638232186880,205651,2390169,129,376,5.8295,0.0228,22.6562,0.0027,3.7943,66.0333,0.0043,0.2246,0.0199,uk,urban
826040224702660608,89616,1655478,85,1446,34.0235,0.2025,8.3333,0.0287,1.0341,20.2617,0.0088,0.2711,0.0018,uk,rural
762188767184711681,61099,872460,80,591,14.775,0.0935,10.1266,0.0161,2.0026,6.8564,0.0111,0.5017,0.0123,uk,urban
1420065118583414784,16124,214882,11,30,5.4545,0.2727,20.0,0.0106,1.48,23.6667,0.0414,0.2694,0.0023,uk,urban
1362046092838383629,655,5276,1,0,0.0,0.0,100.0,0.0,,0.0,0.0,0.0,0.0,uk,urban
87399871,84667,1347188,72,346,9.6111,0.0677,21.1268,0.0114,1.9741,9.7136,0.0133,0.6417,0.012,uk,rural
1347391430524882945,20121,251540,15,26,3.4667,0.1238,14.2857,0.0088,1.0,0.0,0.0132,0.1923,0.0133,uk,rural
1398260622404489219,111202,1256781,56,451,16.1071,0.1464,5.4545,0.0172,5.1562,983.3636,0.0085,0.081,0.0044,uk,urban
1476714900206587906,24861,303051,18,53,5.8889,0.1732,64.7059,0.0108,6.8158,214.8333,0.0509,0.8384,0.0062,uk,urban
1233337992670072837,74882,1341088,90,653,14.5111,0.0815,13.4831,0.0231,1.8466,6.9628,0.0105,0.6722,0.007,uk,urban
2186185125,194531,2565268,126,719,11.4127,0.0457,17.6,0.0071,3.5096,52.1189,0.009,0.5145,0.0231,uk,rural
968963849683718145,68183,1086677,79,554,14.0253,0.0899,12.8205,0.0184,1.2413,8.5985,0.013,0.6431,0.0116,uk,urban
1080303095555416064,135288,463638,87,373,8.5747,0.0499,8.1395,0.0075,5.3636,39.4155,0.0131,0.2499,0.0266,uk,urban
1374121640536256513,83477,1427926,82,385,9.3902,0.058,16.0494,0.0131,2.82,124.3333,0.0196,0.5903,0.0224,uk,urban
21477301,106562,1452547,90,732,16.2667,0.0914,13.4831,0.0136,3.2586,4.354,0.0082,0.5506,0.0087,uk,urban
1169531793801973760,52526,770959,70,385,11.0,0.0797,14.4928,0.0175,2.5045,0.0,0.018,0.642,0.0275,uk,rural
20366676,3184,53413,1,0,0.0,0.0,100.0,0.0,,0.0,0.0,0.0,0.0,uk,urban
1039204608688701440,219051,2260955,113,423,7.4867,0.0334,18.75,0.0041,2.5316,1.8129,0.0123,0.485,0.0401,uk,urban
1330444168011919362,10650,193767,10,22,4.4,0.2444,33.3333,0.0129,0.525,2.5,0.0861,0.5903,0.0215,uk,urban
836336617560363008,30230,431487,55,869,31.6,0.2926,11.1111,0.0444,1.6207,16.504,0.0124,0.2868,0.0039,uk,rural
2767773863,77028,1186152,118,2763,46.8305,0.2001,5.9829,0.044,2.0323,19.2583,0.0072,0.2767,0.0048,uk,rural
2573968923,50714,579616,52,270,10.3846,0.1018,33.3333,0.0138,3.7,230.25,0.01,0.3328,0.0025,uk,rural
913503583257153537,14671,289120,8,13,3.25,0.2321,0.0,0.0092,1.8,0.1538,0.0149,0.119,0.0128,uk,rural
876026032909930496,134687,2470774,128,1885,29.4531,0.116,10.2362,0.0209,1.818,9.6069,0.0078,0.4176,0.0084,uk,rural
1360367013261160449,51612,504989,38,213,11.2105,0.1515,18.9189,0.0154,3.9085,3.1989,0.0151,0.2357,0.0061,uk,rural
1360713906830921730,80238,1123958,54,89,3.2963,0.0311,58.4906,0.0045,3.0586,11.8551,0.0026,0.1297,0.0042,uk,urban
1463987447763812355,57986,1193990,71,990,27.8873,0.1992,1.4286,0.0358,1.8585,40.3,0.015,0.2874,0.0031,uk,rural
1400097232620331013,127078,2046990,117,235,4.0171,0.0173,63.7931,0.0145,6.4038,88.3158,0.0031,0.3522,0.0028,uk,rural
567586356,77499,986009,68,598,17.5882,0.1313,5.9701,0.0401,1.4575,29.2941,0.0144,0.4897,0.0211,uk,rural
1000118365145399297,138470,2611993,148,3328,44.973,0.153,6.8027,0.0331,1.3463,61.625,0.0063,0.3012,0.0013,uk,rural
1433519946236055560,157597,3037620,169,1797,21.2663,0.0633,8.9286,0.0114,1.4594,35.192,0.0092,0.4379,0.0262,uk,urban
1415392260326297676,9212,89487,20,52,5.2,0.1368,42.1053,0.0077,0.3,0.0,0.0298,0.3333,0.0106,uk,urban
1523385112225890304,18275,365710,11,27,4.9091,0.2455,20.0,0.0222,1.3125,7.75,0.0212,0.1926,0.002,uk,rural
19914359,99507,1365149,74,269,7.2703,0.0498,30.137,0.0059,6.7923,1.4283,0.0099,0.6117,0.0081,uk,urban
987534421627686912,13960,151561,21,40,3.8095,0.0952,45.0,0.0246,1.6875,0.0227,0.0068,0.1237,0.0081,uk,urban
103921453,176367,2543026,187,3220,34.4385,0.0926,0.5376,0.0169,1.4557,274.2188,0.0127,0.3933,0.0197,uk,urban
600223274,98481,1388476,67,129,3.8507,0.0292,54.5455,0.0034,2.1214,0.7471,0.0069,0.3596,0.011,uk,urban
908773910224752643,48755,865242,40,92,4.6,0.059,38.4615,0.0046,2.6207,5.0317,0.0174,0.5602,0.0159,uk,urban
1082201795252891648,52623,824023,47,332,14.1277,0.1536,13.0435,0.0157,2.2466,6.4887,0.0178,0.4147,0.0073,uk,urban
1239971151964540928,56762,960745,34,128,7.5294,0.1141,9.0909,0.0128,2.3661,4.3934,0.0301,0.1473,0.022,uk,rural
1358768149768896518,54280,872905,44,131,5.9545,0.0692,25.5814,0.0058,1.58,0.7174,0.0155,0.6011,0.007,uk,urban
1303067579611783169,77394,893592,45,252,11.2,0.1273,11.3636,0.0192,4.6607,216.5,0.0248,0.5704,0.0094,uk,urban
1154180290086129664,43974,470337,54,58,2.1481,0.0203,100.0,0.0104,0.3667,0.0,0.0017,0.0943,0.0038,uk,urban
1066187354,111319,1566841,82,378,9.2195,0.0569,27.1605,0.0098,2.7722,0.9091,0.0106,0.7039,0.0128,uk,rural
1522595767038496773,39149,949929,20,47,4.7,0.1237,52.6316,0.0098,0.9417,3.1852,0.0057,0.1053,0.0125,uk,rural
2442277834,76135,1099179,80,254,6.35,0.0402,30.3797,0.0105,1.5091,12.551,0.0115,0.55,0.0157,uk,urban
1446743259942989825,104678,410281,81,1217,30.0494,0.1878,2.5,0.0336,3.1769,5.9435,0.0117,0.4549,0.0149,uk,urban
1322342821,30101,373629,19,27,2.8421,0.0789,66.6667,0.0032,0.825,0.8333,0.0088,0.1634,0.0103,uk,rural
815240132567662592,29838,469332,27,68,5.037,0.0969,30.7692,0.0081,2.7125,4.8649,0.0226,0.5577,0.0068,uk,rural
1229009315572441088,88084,1147810,96,1050,21.875,0.1151,9.4737,0.019,2.4651,19.2402,0.0104,0.5049,0.0188,uk,rural
1105861436390162438,198738,2492288,105,545,10.381,0.0499,11.5385,0.0058,3.7466,6.1896,0.0132,0.4522,0.0281,uk,urban
1475749225510100995,23982,199154,32,145,9.0625,0.1462,16.129,0.0138,2.0714,0.0,0.0375,0.3279,0.0141,uk,urban
1609109935,65096,1102738,53,205,7.7358,0.0744,28.8462,0.0092,4.4637,63.4762,0.0161,0.3994,0.0332,uk,rural
1488915742510796807,46401,955316,43,318,14.7907,0.1761,14.2857,0.0223,1.5989,21.3382,0.0337,0.2608,0.0416,uk,rural
24369793,43765,580598,31,95,6.129,0.1022,20.0,0.0102,2.0387,1.7841,0.0152,0.3953,0.007,uk,rural
2249850753,65793,553031,39,481,24.6667,0.3246,5.2632,0.0439,5.3415,3.3732,0.0153,0.2341,0.0009,uk,urban
21323794,40140,619368,37,72,3.8919,0.0541,44.4444,0.0039,3.6458,7.6634,0.0039,0.1349,0.0072,uk,rural
1489266171304189954,69472,498294,63,364,11.5556,0.0932,4.8387,0.015,2.1493,35.2247,0.0157,0.1071,0.014,uk,urban
79142206,165367,2160575,118,504,8.5424,0.0365,23.0769,0.0063,1.513,8.7262,0.0121,0.4933,0.0279,uk,rural
1408760794557435911,74010,1179954,51,140,5.4902,0.0549,18.0,0.0054,2.8243,6.518,0.0085,0.188,0.0164,uk,rural
307261061,56564,855196,62,247,7.9677,0.0653,39.3443,0.0154,0.9949,0.7963,0.0133,0.6044,0.01,uk,urban
4891628361,117865,1532494,112,730,13.0357,0.0587,5.4054,0.0131,3.0971,21.4497,0.0117,0.4829,0.0504,uk,urban
263833375,120653,1735931,83,325,7.8313,0.0478,14.6341,0.008,2.6482,2.0982,0.0102,0.5547,0.0173,uk,urban
330454646,152671,2008966,100,354,7.08,0.0358,22.2222,0.005,5.9557,13.9276,0.0099,0.3071,0.0251,uk,urban
1448912530391420948,72454,854500,53,284,10.717,0.103,9.6154,0.0129,2.0743,71.9355,0.0201,0.4465,0.011,uk,urban
804387395240071172,144976,1970894,155,1578,20.3613,0.0661,7.7922,0.0091,2.0647,5.98,0.0077,0.6413,0.015,uk,urban
1335640587714834432,213401,3377298,190,4518,47.5579,0.1258,1.0582,0.0363,2.6939,21.0798,0.0062,0.2914,0.0089,uk,rural
820689115549204480,67247,1042452,37,111,6.0,0.0833,27.7778,0.0069,1.7081,2.5909,0.0259,0.4426,0.0282,uk,rural
718981817777459200,80130,1096500,71,738,20.7887,0.1485,5.7143,0.0213,1.559,38.5049,0.0167,0.2396,0.0056,uk,rural
2253737672,2806,32494,1,0,0.0,0.0,100.0,0.0,,0.0,0.0,0.0,0.0,uk,urban
1479482330414735363,80580,1050920,80,352,8.8,0.0557,25.3165,0.0068,1.4671,9.1364,0.0123,0.8731,0.0048,uk,rural
1433774987366830087,60061,964133,37,99,5.3514,0.0743,27.7778,0.0127,1.7848,1.6652,0.0069,0.2139,0.0139,uk,rural
202095222,150239,2393864,118,422,7.1525,0.0306,24.7863,0.0054,2.5314,1.827,0.0089,0.5688,0.0253,uk,rural
1454550197686648833,6931,86149,9,9,2.0,0.125,100.0,0.0013,0.9,0.0,0.0139,0.125,0.013,uk,rural
55683935,94226,1504846,42,98,4.6667,0.0569,21.9512,0.0069,2.0762,2.0922,0.0088,0.2685,0.0109,uk,urban
19462021,30026,447457,20,36,3.6,0.0947,42.1053,0.0075,1.3632,0.8905,0.0072,0.1404,0.0081,uk,urban
1385929577759920129,150081,1501546,83,407,9.8072,0.0598,18.2927,0.0088,3.4104,26.9621,0.0073,0.3317,0.01,uk,urban
232166336,812,8278,1,0,0.0,0.0,100.0,0.0,,0.0,0.0,0.0,0.0,uk,urban
363094242,39546,512640,80,373,9.325,0.059,29.1139,0.0144,1.3061,4.9041,0.0121,0.8478,0.0051,uk,rural
1460288905278853127,23466,298627,16,22,2.75,0.0917,86.6667,0.0013,2.6455,0.0899,0.0202,0.3238,0.0085,uk,rural
1444406358149902341,41465,538156,26,49,3.7692,0.0754,64.0,0.0079,5.7077,2.4754,0.0218,0.3061,0.0213,uk,urban
954053325548326912,17289,249635,11,12,2.1818,0.1091,80.0,0.0058,1.98,0.0,0.0091,0.1,0.0122,uk,urban
1259758470653501441,50094,393946,53,125,4.717,0.0454,25.0,0.0078,6.8,57.9333,0.0067,0.1594,0.0087,uk,urban
1144554315677351936,134193,1805731,64,223,6.9688,0.0553,25.3968,0.0064,4.7021,0.3928,0.0086,0.3049,0.0076,uk,urban
1401283926224687105,76494,1176121,40,535,26.75,0.3429,10.2564,0.0419,8.6676,114.9292,0.0225,0.2075,0.0187,uk,rural
1433049675804954628,212999,3117936,181,1654,18.2762,0.0508,9.4444,0.0202,1.5568,63.5977,0.0122,0.5815,0.0166,uk,urban
1158854767227133954,98574,1876443,233,9673,83.03,0.1789,0.8621,0.0562,0.8772,412.5357,0.0042,0.1988,0.01,uk,urban
1303865466688081920,84327,1097950,70,297,8.4857,0.0615,37.6812,0.0065,9.1444,31.92,0.0116,0.597,0.0121,uk,urban
1402272563196305414,114595,1299116,77,1377,35.7662,0.2353,15.7895,0.0427,3.3287,8509.3333,0.0099,0.2087,0.0154,uk,urban
1327389070977339394,17512,157778,12,21,3.5,0.1591,36.3636,0.0141,0.3,2.0,0.0091,0.0727,0.0117,uk,rural
41858471,40151,659879,21,61,5.8095,0.1452,15.0,0.0111,3.1962,0.9326,0.0172,0.3232,0.0063,uk,rural
1420504838429974536,12828,159751,17,35,4.1176,0.1287,43.75,0.0065,7.2,0.0,0.0336,0.2007,0.0211,uk,urban
762591360792788992,14598,252452,8,12,3.0,0.2143,57.1429,0.007,0.975,0.3448,0.0387,0.2857,0.0198,uk,rural
1466451292407181319,61102,939654,43,171,7.9535,0.0947,11.9048,0.0123,1.8618,125.6,0.0347,0.2822,0.0013,uk,urban
2527132590,61979,955945,52,226,8.6923,0.0852,31.3725,0.0087,1.1842,0.0,0.0173,0.3576,0.006,uk,rural
1447188409014005765,68892,648219,73,365,10.0,0.0694,16.6667,0.0456,1.7952,25.3023,0.0135,0.7575,0.01,uk,rural
1296356456548245504,41495,740687,76,876,23.0526,0.1537,2.6667,0.0367,1.7586,26.7901,0.0126,0.4065,0.0067,uk,urban
943747078072733696,130623,1757467,99,543,10.9697,0.056,17.3469,0.0136,4.8845,3.2523,0.0093,0.6022,0.0175,uk,rural
1491019688272408580,44738,610345,35,404,23.0857,0.3395,0.0,0.0589,4.3469,8.2052,0.0274,0.181,0.0074,uk,urban
1435599218572513280,57318,860455,62,307,9.9032,0.0812,11.4754,0.0127,1.5111,50.0,0.0203,0.4485,0.0261,uk,urban
1450796072276742147,21993,420446,32,224,14.0,0.2258,6.4516,0.0331,1.1171,19.5789,0.0294,0.2166,0.0061,uk,urban
709299230071001088,165019,2683859,121,387,6.3967,0.0267,22.5,0.0076,2.0158,3.9179,0.0163,0.4261,0.0295,uk,urban
393640748,63533,892211,66,360,10.9091,0.0839,16.9231,0.0147,1.908,3.1659,0.0163,0.4988,0.0308,uk,rural
1226981106442002433,6680,68937,9,28,6.2222,0.3889,25.0,0.0491,1.5333,10.5,0.0556,0.4062,0.0002,uk,rural
1499012768372076545,106312,1879756,78,328,8.4103,0.0546,29.8701,0.0062,3.6984,28.0253,0.0056,0.275,0.0097,uk,rural
1406597781272281092,20421,260346,22,41,3.7273,0.0887,42.8571,0.0059,,0.0,0.0184,0.3976,0.0057,uk,urban
772541258690654208,22239,403769,32,47,2.9375,0.0474,61.2903,0.0071,11.8,0.0,0.0018,0.0323,0.0053,uk,urban
931625301922238465,74136,1290814,102,1216,23.8431,0.118,4.9505,0.0223,1.2681,8.4726,0.0088,0.4068,0.0108,uk,rural
2946192609,261842,2926808,148,1904,25.7297,0.0875,6.1224,0.0193,3.5817,341.5287,0.0096,0.3311,0.0052,uk,urban
143039950,22690,276133,16,39,4.875,0.1625,26.6667,0.0067,8.4438,0.4574,0.033,0.3548,0.0238,uk,rural
703253289450803200,88845,1391680,66,314,9.5152,0.0732,12.3077,0.0093,2.42,1.8488,0.0195,0.6449,0.0234,uk,rural
1416460194230452227,246117,3847999,242,8809,72.8017,0.151,2.4896,0.0294,1.1956,66.1632,0.0043,0.1882,0.0069,uk,rural
881528928984236032,66416,621383,46,576,25.0435,0.2783,4.4444,0.0344,4.3787,82.8214,0.0167,0.3717,0.0002,uk,rural
1138162098217848832,128897,2112296,112,826,14.75,0.0664,15.3153,0.0118,2.5653,10.6875,0.0126,0.442,0.0262,uk,rural
1467120456725676032,235080,3060553,198,1013,10.2323,0.026,12.1827,0.0074,2.5455,212.4773,0.0094,0.5631,0.0318,uk,urban
1300425178325962752,12449,113371,9,15,3.3333,0.2083,100.0,0.0016,0.5,0.0,0.0972,0.875,0.003,uk,urban
828553266107711488,3335,47202,3,3,2.0,0.5,100.0,0.0227,0.3,0.0,0.1667,0.5,0.0,uk,urban
93828896,31436,461650,25,76,6.08,0.1267,16.6667,0.0173,0.35,6.0,0.0303,0.6573,0.0086,uk,urban
22643437,70501,1018182,59,177,6.0,0.0517,27.5862,0.0065,2.1647,0.717,0.014,0.5011,0.023,uk,rural
1489543227657048065,8507,147853,5,6,2.4,0.3,50.0,0.014,,0.0,0.05,0.25,0.0185,uk,urban
1622232032,54778,812255,38,177,9.3158,0.1259,32.4324,0.0166,2.0559,16.2593,0.0139,0.1607,0.0177,uk,urban
3832776694,15452,185116,18,47,5.2222,0.1536,35.2941,0.0073,1.3688,1.8816,0.0525,0.8676,0.0065,uk,urban
3386980037,47749,785586,45,127,5.6444,0.0641,34.0909,0.0063,4.5394,5.0161,0.0225,0.4823,0.0213,uk,rural
1387502234288730115,224149,2413216,166,1142,13.759,0.0417,4.2424,0.0117,2.4883,68.562,0.0102,0.4168,0.0127,uk,urban
19564157,137641,2022968,95,480,10.1053,0.0538,20.2128,0.0098,1.6395,4.7756,0.0044,0.0823,0.0012,uk,urban
1179796239770103810,72990,1104504,52,145,5.5769,0.0547,29.4118,0.0042,3.3527,3.0978,0.0112,0.3966,0.0146,uk,rural
797967046369804288,63022,743595,61,666,21.8361,0.182,6.6667,0.0226,2.4836,12.9744,0.0137,0.3042,0.0039,uk,rural
1270712559184703490,76,457,1,0,0.0,0.0,100.0,0.0,,0.0,0.0,0.0,0.0,uk,urban
1259580699771887617,3904,67877,8,21,5.25,0.375,28.5714,0.0138,,0.0,0.0417,0.2579,0.0071,uk,urban
476177782,49012,560231,48,140,5.8333,0.0621,44.6809,0.0074,2.7067,4.7183,0.0156,0.5305,0.0141,uk,urban
2723670101,15316,177376,11,18,3.2727,0.1636,70.0,0.0071,2.05,3.3158,0.0343,0.3778,0.0129,uk,urban
1510572328027148288,14767,214294,41,848,41.3659,0.5171,2.5,0.1643,1.4491,136.6667,0.012,0.0653,0.0065,uk,rural
4827520642,155933,2369904,113,599,10.6018,0.0473,18.75,0.0084,3.8303,8.3978,0.0118,0.4767,0.0239,uk,rural
3030323171,245566,3213364,133,485,7.2932,0.0276,19.697,0.0048,2.9698,3.3119,0.0192,0.4124,0.0301,uk,urban
1481571759417667586,117065,1452234,168,363,4.3214,0.0129,52.0958,0.0103,3.0182,0.0,0.0036,0.5174,0.0077,uk,urban
1388116092124639237,106530,1430808,90,518,11.5111,0.0647,19.1011,0.0121,1.8517,6.192,0.0153,0.4547,0.0208,uk,urban
616417941,104334,1482317,88,1986,45.1364,0.2594,4.5977,0.0481,1.7844,37.1156,0.0091,0.2149,0.0031,uk,rural
1234604756477317120,22408,353822,37,300,16.2162,0.2252,13.8889,0.0331,0.7935,1.9675,0.0196,0.3232,0.0089,uk,rural
1484482092398530562,65588,833345,45,103,4.5778,0.052,29.5455,0.0068,17.36,0.0,0.0108,0.2367,0.0159,uk,urban
2289856162,4692,82037,4,5,2.5,0.4167,33.3333,0.0092,0.3,0.0,0.0,0.0,0.0,uk,urban
110230296,63179,718851,39,103,5.2821,0.0695,34.2105,0.0062,5.1711,0.1572,0.016,0.5373,0.0113,uk,urban
400295289,8629,144169,11,14,2.5455,0.1273,100.0,0.0027,4.2,0.0,0.0364,0.4,0.0113,uk,rural
866001544273170432,65540,1173687,52,213,8.1923,0.0803,15.6863,0.0127,2.3548,7.3043,0.0266,0.5985,0.0521,uk,rural
84811768,169516,2481623,111,260,4.6847,0.0213,40.9091,0.0023,5.0277,2.0454,0.0032,0.3389,0.0038,uk,urban
2335541615,9329,196771,5,11,4.4,0.55,0.0,0.0157,28.32,0.0294,0.1667,0.5,0.021,uk,urban
3906303503,4086,49794,6,6,2.0,0.2,100.0,0.0029,1.35,0.0,0.0333,0.2,0.0148,uk,urban
20613594,106272,1421419,69,374,10.8406,0.0797,26.4706,0.0143,2.589,51.2593,0.0135,0.4565,0.0134,uk,rural
2868619149,35065,519740,19,37,3.8947,0.1082,33.3333,0.0077,7.2947,0.5503,0.0114,0.2157,0.0138,uk,rural
1359262795347410946,50140,862291,49,384,15.6735,0.1633,6.25,0.0199,1.2351,0.0,0.0311,0.3401,0.0177,uk,urban
283467992,85355,1389102,57,153,5.3684,0.0479,30.3571,0.0038,3.578,0.1002,0.0086,0.3656,0.011,uk,urban
199199168,124482,1737356,128,451,7.0469,0.0277,24.4094,0.0038,3.0687,1.6487,0.0057,0.455,0.0137,uk,rural
361163415,57014,690379,86,560,13.0233,0.0766,11.7647,0.0113,1.4029,4.8648,0.0095,0.584,0.0084,uk,urban
2883132300,39947,793463,30,74,4.9333,0.0851,31.0345,0.0077,0.9611,1.4028,0.0216,0.1884,0.0151,uk,rural
1451890861613199371,75035,1056540,49,213,8.6939,0.0906,14.5833,0.0096,2.2869,21.1429,0.0423,0.5385,0.039,uk,urban
730160120,41715,733498,33,241,14.6061,0.2282,3.125,0.0422,3.548,58.1333,0.0314,0.3929,0.0123,uk,rural
1468728253619875847,52826,874504,59,250,8.4746,0.0731,25.8621,0.0167,1.1208,5.4048,0.0174,0.3579,0.0165,uk,rural
1501867772,153740,2052395,92,275,5.9783,0.0328,19.7802,0.0051,2.0641,6.1239,0.0022,0.1111,0.0052,uk,urban
818510617011257344,128902,2670745,87,207,4.7586,0.0277,41.8605,0.0026,3.1853,0.3321,0.0071,0.322,0.0121,uk,rural
25484270,113866,1369966,101,736,14.5743,0.0729,14.0,0.0176,2.7959,5.0493,0.0104,0.5903,0.0112,uk,rural
1481653320766812167,253825,3169808,217,4276,39.4101,0.0912,4.1667,0.0289,2.6687,923.2667,0.0054,0.3777,0.0189,uk,rural
1451603609771200521,122272,1640231,72,384,10.6667,0.0751,22.5352,0.0101,5.0415,0.0,0.0149,0.23,0.0247,uk,urban
1014440306253672449,159047,2608390,114,681,11.9474,0.0529,13.2743,0.0083,1.23,11.8125,0.0153,0.3231,0.0114,uk,urban
1199166093681733637,146795,1353992,98,834,17.0204,0.0877,12.3711,0.0143,2.5322,28.9,0.0063,0.5047,0.0016,uk,urban
314567054,30923,620833,16,43,5.375,0.1792,53.3333,0.011,3.0727,0.0,0.0095,0.1048,0.0085,uk,urban
48035920,100336,1638394,66,391,11.8485,0.0911,6.1538,0.0116,2.8758,2.9505,0.0238,0.5148,0.0203,uk,rural
1179693155190480896,67728,865212,41,166,8.0976,0.1012,12.5,0.0193,3.9211,43.1905,0.0073,0.2449,0.0088,uk,urban
1355269545452335114,77204,553853,68,144,4.2353,0.0316,49.2537,0.0032,2.6043,0.3925,0.0075,0.4855,0.0038,uk,rural
1433449124913983492,36884,563591,18,66,7.3333,0.2157,11.7647,0.0272,1.2781,21.7222,0.0535,0.3091,0.0007,uk,rural
1189099783,41456,550398,50,128,5.12,0.0522,65.3061,0.006,0.6654,11.3571,0.0132,0.465,0.0137,uk,urban
305750065,39195,585629,41,99,4.8293,0.0604,27.5,0.0076,1.9,2.1667,0.0097,0.3094,0.0129,uk,urban
1444904245199769600,30317,462584,25,155,12.4,0.2583,8.3333,0.0364,0.9268,6.037,0.0569,0.2835,0.0309,uk,rural
105910101,95319,1259801,50,167,6.68,0.0682,24.4898,0.0139,5.6427,10.1076,0.0043,0.0706,0.0028,uk,urban
2752040415,36461,474081,33,111,6.7273,0.1051,28.125,0.0071,5.1219,17.2111,0.0137,0.2825,0.0143,uk,urban
1317788561203187713,42614,613966,74,1113,30.0811,0.206,1.3699,0.0379,0.834,17.1111,0.0132,0.5115,0.0162,uk,rural
1260986039356751872,98596,1516359,65,167,5.1385,0.0401,35.9375,0.0045,3.137,3.6538,0.0034,0.1207,0.0079,uk,rural
893984648,35053,631836,19,59,6.2105,0.1725,27.7778,0.0197,2.6371,2.5775,0.0251,0.3617,0.019,uk,rural
1503737362681143297,124085,2136274,72,493,13.6944,0.0964,11.2676,0.012,2.1552,16.2274,0.0087,0.2307,0.0033,uk,rural
3308204575,61325,910431,67,256,7.6418,0.0579,27.2727,0.0124,0.8,29.0,0.0166,0.3154,0.0152,uk,rural
1068209921886433280,79517,1350383,73,537,14.7123,0.1022,11.1111,0.0169,2.1573,3.688,0.0145,0.5074,0.0194,uk,urban
386969518,124919,1862581,171,3842,44.9357,0.1322,6.4706,0.0307,1.3753,68.165,0.0071,0.5316,0.0365,uk,urban
1284542195865989122,2863,41786,3,4,2.6667,0.6667,0.0,0.0388,0.6667,1.2222,0.0,0.0,0.0,uk,urban
1704973849,72117,1086159,55,130,4.7273,0.0438,38.8889,0.0067,1.8105,0.4764,0.0094,0.4204,0.0098,uk,rural
1410274666145587200,84021,641222,130,875,13.4615,0.0522,10.0775,0.0089,0.8321,28.125,0.0137,0.4065,0.0266,uk,urban
445014258,60656,891537,79,447,11.3165,0.0725,15.3846,0.0134,2.1477,3.4159,0.0107,0.4987,0.0132,uk,urban
1383506000557211649,118719,2132607,105,1260,24.0,0.1154,9.6154,0.0165,1.7966,58.1638,0.012,0.4367,0.0285,uk,rural
1543671098365165571,47957,664677,28,72,5.1429,0.0952,25.9259,0.0187,1.8381,11.8667,0.0152,0.2125,0.012,uk,rural
166275155,117866,1624279,71,254,7.1549,0.0511,24.2857,0.0049,9.2346,5.1074,0.0076,0.2845,0.0207,uk,urban
1308731688659361794,95638,1682787,56,326,11.6429,0.1058,16.3636,0.0148,2.0288,36.1944,0.0179,0.3405,0.0056,uk,rural
740659307780411392,20436,404499,19,70,7.3684,0.2047,27.7778,0.0266,1.6857,18.6667,0.0275,0.4199,0.0131,uk,rural
4830263356,89793,1063613,59,305,10.339,0.0891,24.1379,0.0194,1.439,1.2391,0.0141,0.6536,0.0089,uk,urban
1468339197845340165,33415,279628,37,119,6.4324,0.0893,25.0,0.0111,0.925,6.2787,0.0276,0.5288,0.0258,uk,rural
1496088452487692288,10617,151386,9,15,3.3333,0.2083,75.0,0.0039,0.95,0.0,0.0655,0.5893,0.0075,uk,rural
1439205908417073157,31446,500891,27,135,10.0,0.1923,23.0769,0.009,1.4136,3.4429,0.0293,0.6739,0.0005,uk,urban
1380899163869749249,54356,643401,30,242,16.1333,0.2782,6.8966,0.0362,8.2086,44.0667,0.0468,0.337,0.0548,uk,rural
1461113077479481345,26387,488291,12,30,5.0,0.2273,27.2727,0.0312,5.4333,0.0,0.0189,0.0909,0.0136,uk,urban
1175360696260988929,23029,386640,15,22,2.9333,0.1048,71.4286,0.0046,2.4455,0.0228,0.0227,0.3407,0.0084,uk,rural
1325162036301422593,15077,248134,12,15,2.5,0.1136,81.8182,0.0154,,0.0,0.0152,0.1818,0.0146,uk,urban
861751008,20720,252658,13,16,2.4615,0.1026,75.0,0.0103,1.1667,4.8333,0.007,0.0833,0.0111,uk,rural
1114179001,62981,960467,45,175,7.7778,0.0884,18.1818,0.0134,1.6468,2.0118,0.0106,0.157,0.0169,uk,rural
1239140795116146688,3669,42121,4,5,2.5,0.4167,33.3333,0.0089,5.4,8.0,0.0,0.0,0.0,uk,urban
1468048888216965122,2175,19888,5,5,2.0,0.25,100.0,0.0269,,0.0,0.05,0.25,0.0143,uk,urban
2692772878,44095,444963,38,156,8.2105,0.111,10.8108,0.0062,0.3,0.0,0.003,0.0937,0.0058,uk,urban
1423281723383566347,56640,958713,25,98,7.84,0.1633,12.5,0.0276,3.515,24.1071,0.0536,0.5379,0.0286,uk,urban
2758474132,54404,665558,63,324,10.2857,0.0829,8.0645,0.021,6.549,110.3333,0.0186,0.464,0.0148,uk,urban
60648920,86559,1193210,54,173,6.4074,0.0604,33.9623,0.0091,1.3942,7.3333,0.0043,0.0943,0.0078,uk,urban
1285559033697644547,5142,63388,6,7,2.3333,0.2333,100.0,0.0082,0.5,0.0,0.0667,0.4,0.0163,uk,rural
1063558401958002688,271987,3630841,168,3576,42.5714,0.1275,2.994,0.0285,3.5017,108.3382,0.007,0.1888,0.0148,uk,rural
1144479164721876992,34802,585334,40,164,8.2,0.1051,15.3846,0.0088,1.2123,12.0377,0.0193,0.5063,0.0165,uk,rural
1300746230432137220,15555,219191,21,91,8.6667,0.2167,0.0,0.0166,1.7412,3.0548,0.043,0.4553,0.0053,uk,urban
1346907914091552769,28995,482606,18,31,3.4444,0.1013,52.9412,0.0099,2.8308,0.1948,0.0202,0.3309,0.0072,uk,urban
4384154679,28034,478481,14,55,7.8571,0.3022,23.0769,0.0175,3.9889,238.3333,0.0211,0.1704,0.0174,uk,urban
1091513625884397575,52978,373566,53,213,8.0377,0.0773,30.7692,0.0061,4.3716,107.4815,0.0157,0.6208,0.0138,uk,urban
353643225,51225,879968,42,96,4.5714,0.0557,46.3415,0.007,1.5524,0.4886,0.006,0.181,0.0074,uk,rural
1029784196267601928,140823,2356188,130,585,9.0,0.0349,20.155,0.004,10.1305,2.9701,0.0066,0.5001,0.0217,uk,rural
1172380027,81376,1244035,74,574,15.5135,0.1063,12.3288,0.0185,2.0735,28.375,0.0262,0.3373,0.0128,uk,urban
932340111454457856,61574,1230321,36,140,7.7778,0.1111,2.8571,0.0235,2.1931,3.782,0.0128,0.0775,0.0082,uk,rural
3981591731,23971,426587,28,63,4.5,0.0833,29.6296,0.0148,2.3588,2.7477,0.0102,0.2424,0.0079,uk,rural
1497324242572042242,7442,159072,4,3,1.5,0.25,100.0,0.0145,0.9,0.0,0.0,0.0,0.0,uk,rural
937570512,84022,879292,59,739,25.0508,0.216,3.4483,0.0407,1.9731,28.7568,0.0181,0.4491,0.016,uk,rural
1140621910029590528,23595,385479,26,75,5.7692,0.1154,12.0,0.0212,0.8333,8.6154,0.044,0.5994,0.0374,uk,urban
757943285780545537,36241,743784,45,187,8.3111,0.0944,13.6364,0.0117,0.8852,0.7903,0.0201,0.7893,0.0049,uk,urban
1364876211122540545,60598,905954,56,774,27.6429,0.2513,5.4545,0.0445,1.281,201.4,0.0156,0.2226,0.0014,uk,rural
1218197397962219520,119031,2086461,159,3529,44.3899,0.1405,3.7975,0.0285,1.9645,18.3169,0.0067,0.4893,0.0239,uk,rural
1438807233647759360,44452,668532,75,661,17.6267,0.1191,5.4054,0.019,0.8397,7.8545,0.0135,0.6278,0.0116,uk,urban
3413144248,14062,215721,10,12,2.4,0.1333,77.7778,0.0049,8.9833,0.2448,0.0111,0.1111,0.0141,uk,rural
1300389968330752000,176355,2731801,130,2276,35.0154,0.1357,2.3256,0.0269,2.2162,123.2294,0.0104,0.3024,0.0038,uk,rural
1087737144762908672,74407,1458369,54,1261,46.7037,0.4406,3.7736,0.0764,1.6892,171.5357,0.0117,0.2026,0.014,uk,urban
1256989982889250818,100710,1563408,107,585,10.9346,0.0516,14.1509,0.0093,2.15,11.5854,0.011,0.6219,0.0218,uk,urban
1319705231261827073,105849,1875287,121,783,12.9421,0.0539,8.3333,0.0099,1.9047,68.9615,0.0091,0.634,0.0151,uk,urban
936200445034450945,41253,584665,31,200,12.9032,0.2151,13.3333,0.0213,1.1417,10.1837,0.0259,0.4112,0.0131,uk,urban
58333811,69663,1112739,74,263,7.1081,0.0487,23.2877,0.0052,1.7237,25.2,0.0085,0.4392,0.0099,uk,urban
565644284,326,6239,1,0,0.0,0.0,100.0,0.0,,0.0,0.0,0.0,0.0,uk,urban
845374577047994368,128336,1765844,69,323,9.3623,0.0688,13.2353,0.011,2.9788,4.5326,0.0211,0.4094,0.0295,uk,urban
1286776351,24137,339339,30,165,11.0,0.1897,27.5862,0.0245,0.825,5.0,0.0265,0.5631,0.0021,uk,rural
838185234457845760,2485,31813,3,3,2.0,0.5,100.0,0.0336,0.6,0.0,0.1667,0.5,0.0,uk,urban
160319450,124586,1687376,74,379,10.2432,0.0702,16.4384,0.0098,3.632,3.4062,0.0118,0.5555,0.0129,uk,rural
1483438938438127617,42065,802626,27,64,4.7407,0.0912,34.6154,0.0087,22.2222,0.0,0.0055,0.0769,0.0067,uk,urban
159212310,113753,1878644,91,601,13.2088,0.0734,18.8889,0.0118,6.0165,2.6329,0.0108,0.6176,0.0123,uk,rural
1472759095279116289,158002,2355670,285,1433,10.0561,0.0177,25.3521,0.015,1.6377,599.5,0.0066,0.5179,0.0095,uk,rural
3407186038,76400,1030264,56,164,5.8571,0.0532,18.1818,0.0051,1.3094,2.9885,0.0044,0.1727,0.0089,uk,urban
1479397604941303809,160117,2128336,174,765,8.7931,0.0254,16.185,0.0056,2.8355,82.7143,0.0054,0.4573,0.0309,uk,rural
1479466155408596995,17036,283179,17,46,5.4118,0.1691,31.25,0.0164,0.5333,0.0,0.0245,0.3375,0.0082,uk,urban
1085638998054391813,18051,342047,20,51,5.1,0.1342,15.7895,0.0088,0.9333,17.6667,0.0579,0.4742,0.0288,uk,urban
1406187254498926594,112381,1654883,58,143,4.931,0.0433,28.0702,0.0043,4.1873,5.1636,0.0101,0.376,0.0151,uk,urban
918549708221665281,128984,2058874,106,502,9.4717,0.0451,21.9048,0.0046,2.6559,11.536,0.0122,0.4316,0.0435,uk,urban
1401017164757405699,144,1142,1,0,0.0,0.0,100.0,0.0,,0.0,0.0,0.0,0.0,uk,urban
1387815377560866821,98494,1030212,65,384,11.8154,0.0923,9.375,0.0142,3.2734,37.2353,0.0139,0.5069,0.0107,uk,rural
1227321554821885953,9577,117360,26,44,3.3846,0.0677,32.0,0.0573,0.7,0.5556,0.0005,0.0067,0.0011,uk,urban
4212839813,66077,914934,55,454,16.5091,0.1529,7.4074,0.0372,1.0613,10.2159,0.0291,0.3778,0.031,uk,rural
1105398359517511685,52252,882122,34,75,4.4118,0.0668,30.303,0.0121,0.7654,15.5833,0.0051,0.042,0.0044,uk,rural
1218576466713157634,272376,3126299,153,2605,34.0523,0.112,9.8684,0.0159,3.0847,72.8874,0.0068,0.2285,0.0078,uk,urban
1486395742415687680,79,412,1,0,0.0,0.0,100.0,0.0,,0.0,0.0,0.0,0.0,uk,urban
845337211,3675,45014,2,2,2.0,1.0,100.0,0.0,3.85,0.0,0.0,0.0,0.0,uk,urban
1101169898192072704,108889,833141,110,1029,18.7091,0.0858,4.5872,0.0135,1.1186,16.2222,0.0138,0.1283,0.0087,uk,rural
2278965636,25887,385347,38,163,8.5789,0.1159,8.1081,0.0096,2.3429,4.6552,0.0222,0.4466,0.0099,uk,rural
1123298036250226688,196473,2990835,118,1108,18.7797,0.0803,8.547,0.0172,2.3444,10.2742,0.0113,0.5918,0.0647,uk,rural
437757939,79978,1050702,60,131,4.3667,0.037,45.7627,0.0029,3.4289,0.464,0.0092,0.4764,0.0078,uk,urban
850766432,9596,134816,5,5,2.0,0.25,100.0,0.0287,0.5,0.0,0.05,0.25,0.0143,uk,rural
1091033434380820480,87859,1277535,58,170,5.8621,0.0514,28.0702,0.0044,4.1438,19.8621,0.0068,0.2941,0.0066,uk,urban
79707654,126166,2097345,69,192,5.5652,0.0409,22.0588,0.0056,1.1759,1.1766,0.0042,0.1506,0.0033,uk,urban
1315697805617496064,136339,2238061,113,361,6.3894,0.0285,25.8929,0.0137,1.2854,2.9328,0.0034,0.2656,0.0047,uk,urban
868106911752888320,139818,1862712,88,1090,24.7727,0.1424,14.9425,0.0256,3.1022,10.8757,0.0108,0.378,0.0208,uk,urban
453021855,117167,2148260,74,793,21.4324,0.1468,5.4795,0.0228,1.9878,36.1988,0.0171,0.4094,0.0015,uk,rural
890169896897785857,110918,1726963,107,443,8.2804,0.0391,24.5283,0.0079,3.823,66.0702,0.0104,0.5585,0.0242,uk,urban
90741780,63600,834459,51,115,4.5098,0.0451,56.0,0.0048,1.9857,2.6104,0.0155,0.7469,0.0048,uk,urban
12597162,34934,640737,35,201,11.4857,0.1689,20.5882,0.0177,1.5111,1.8936,0.0252,0.5747,0.0121,uk,urban
878112252,153242,2515947,95,473,9.9579,0.053,19.1489,0.007,2.6091,4.2088,0.0087,0.4899,0.0247,uk,urban
1482069920498262023,2050,29806,3,2,1.3333,0.3333,100.0,0.0085,,0.0,0.0,0.0,0.0,uk,urban
3294006377,51404,756963,51,587,23.0196,0.2302,0.0,0.0317,2.4685,19.6214,0.0166,0.4786,0.0022,uk,urban
831072385,47569,637429,31,53,3.4194,0.057,60.0,0.0049,0.34,1.8333,0.0073,0.2,0.0068,uk,urban
1256876683501633536,58826,954244,37,145,7.8378,0.1089,30.5556,0.0094,1.9978,24.5278,0.0295,0.4623,0.0138,uk,rural
1417591114324926477,86004,1508438,145,1360,18.7586,0.0651,15.2778,0.0155,1.4519,80.3585,0.0095,0.5717,0.0234,uk,urban
1036825369,40419,692191,45,256,11.3778,0.1293,11.3636,0.0167,1.9776,99.2,0.0178,0.4114,0.0168,uk,rural
2746966545,120622,2520618,94,435,9.2553,0.0498,8.6022,0.0216,1.2138,4.8667,0.0098,0.1319,0.0063,uk,urban
1488752106525929472,66488,1099789,79,621,15.7215,0.1008,6.4103,0.0152,1.9647,0.0,0.0183,0.4579,0.0213,uk,urban
1185428562913968129,34600,576450,57,606,21.2632,0.1898,3.5714,0.0305,0.8828,9.6571,0.0166,0.5517,0.0162,uk,urban
635472481,178309,2532764,134,2956,44.1194,0.1659,3.0075,0.0424,1.876,10.2976,0.0081,0.2969,0.0291,uk,rural
468433997,142207,2099120,87,495,11.3793,0.0662,10.4651,0.0126,3.6277,1.897,0.0206,0.5372,0.0289,uk,rural
1657482380,8156,55548,9,8,1.7778,0.1111,100.0,0.0077,0.3,0.0,0.0,0.0,0.0,uk,urban
1728128708,60209,752978,42,472,22.4762,0.2741,9.7561,0.0264,1.9559,82.3571,0.0217,0.1463,0.0047,uk,rural
752476184173305857,10898,107469,13,17,2.6154,0.109,100.0,0.0044,0.3,0.0,0.0321,0.4167,0.0097,uk,urban
296251398,97192,1657344,88,971,22.0682,0.1268,9.1954,0.0242,1.6793,67.7885,0.0128,0.4172,0.0058,uk,urban
1487202881417756675,50772,1048660,38,183,9.6316,0.1302,13.5135,0.0268,1.9333,0.0,0.0421,0.2668,0.0076,uk,urban
741980471005941761,30459,407491,25,53,4.24,0.0883,33.3333,0.0059,1.4474,1.3504,0.0146,0.2699,0.0161,uk,urban
1415262899661049857,221163,3866215,126,1481,23.5079,0.094,11.2,0.0115,1.1084,13.5595,0.0131,0.4265,0.0189,uk,urban
1385530025231982592,38466,739647,78,1930,49.4872,0.3213,3.8961,0.0668,1.4505,42.7313,0.0104,0.2988,0.0143,uk,rural
1150358049560944642,24209,343143,12,15,2.5,0.1136,54.5455,0.0039,,0.0,0.0008,0.0091,0.0006,uk,rural
798685465,162240,2040793,126,828,13.1429,0.0526,12.8,0.0098,4.3008,10.4075,0.0077,0.5838,0.0233,uk,rural
1475569069189435394,22846,223948,24,74,6.1667,0.1341,43.4783,0.0244,1.85,0.0571,0.0375,0.8491,0.0004,uk,urban
113645835,191024,1741354,134,873,13.0299,0.049,12.782,0.0115,2.3665,124.1935,0.0122,0.49,0.0105,uk,urban
87398073,26823,410825,13,44,6.7692,0.2821,16.6667,0.0261,3.8423,3.8971,0.028,0.3277,0.0169,uk,rural
330952559,60552,836979,54,209,7.7407,0.073,24.5283,0.0086,3.9024,265.6667,0.0159,0.4901,0.0248,uk,urban
980967628868120577,35847,317817,26,110,8.4615,0.1692,24.0,0.0108,3.65,31.12,0.0324,0.7147,0.002,uk,urban
1476241033604341765,76677,1482099,53,128,4.8302,0.0464,40.3846,0.0048,1.1552,12.9583,0.017,0.4507,0.023,uk,rural
402192311,105102,1518564,111,919,16.5586,0.0753,24.5455,0.0172,1.938,48.8936,0.0089,0.5296,0.0114,uk,urban
871457251650920449,96286,1214398,78,188,4.8205,0.0313,29.8701,0.0053,0.9059,2.1111,0.015,0.5026,0.0276,uk,rural
977315599989821440,113328,1681182,55,410,14.9091,0.138,7.4074,0.0179,2.8222,87.6984,0.0241,0.1874,0.0203,uk,urban
979034123011526658,94375,1265030,88,969,22.0227,0.1266,5.7471,0.0251,1.6331,10.7926,0.0101,0.557,0.0109,uk,rural
1454975936819089416,28522,334962,23,32,2.7826,0.0632,54.5455,0.0024,0.56,0.0769,0.0057,0.132,0.009,uk,rural
246516583,86739,1061802,103,457,8.8738,0.0435,34.3137,0.0086,3.0236,1.8139,0.0064,0.4789,0.0104,uk,urban
1450801873498394630,62542,1470218,56,419,14.9643,0.136,5.4545,0.0219,1.6978,30.5306,0.0194,0.4412,0.0154,uk,urban
1002453040157347840,114445,1290259,82,703,17.1463,0.1058,13.5802,0.0115,4.7975,13.0088,0.0118,0.7435,0.0102,uk,urban
139018034,83274,876470,52,403,15.5,0.152,9.8039,0.0179,1.9504,1.7804,0.0177,0.4932,0.006,uk,urban
1305205718178557953,7972,136583,7,13,3.7143,0.3095,0.0,0.0487,11.8286,0.6015,0.0381,0.2667,0.0095,uk,urban
1428693434022473731,160959,2739289,108,1523,28.2037,0.1318,2.8037,0.0204,4.6701,75.8416,0.0121,0.3645,0.0208,uk,rural
2271293309,74581,1219462,59,170,5.7627,0.0497,29.3103,0.0094,1.6767,4.03,0.04,0.5443,0.0434,uk,urban
1337399565167767553,166678,2600741,152,1824,24.0,0.0795,2.649,0.0149,2.6354,148.6437,0.0089,0.4872,0.0191,uk,rural
875415944633470976,200346,3045917,104,633,12.1731,0.0591,12.6214,0.0104,3.0031,4.5197,0.0083,0.3354,0.0139,uk,urban
1337795720364093442,105514,1508175,58,458,15.7931,0.1385,15.7895,0.0247,4.6691,459.2381,0.0117,0.2958,0.0059,uk,rural
1040452010,116050,1787593,68,254,7.4706,0.0558,26.8657,0.0064,2.5517,1.2424,0.0043,0.1688,0.0076,uk,urban
1450931909886988301,90701,691196,99,536,10.8283,0.0552,6.1224,0.009,1.667,58.8889,0.0103,0.0702,0.0049,uk,urban
3153706242,6902,97566,6,8,2.6667,0.2667,60.0,0.0021,4.5,0.1345,0.0583,0.35,0.0056,uk,urban
1019609763947188224,55145,920653,121,3098,51.2066,0.2134,8.3333,0.0433,0.7651,240.4444,0.0066,0.2041,0.0139,uk,urban
394074382,56950,819434,46,202,8.7826,0.0976,22.2222,0.0075,3.1615,2.4579,0.016,0.4545,0.0098,uk,urban
1491047218140356608,36881,366130,24,57,4.75,0.1033,26.087,0.0093,6.6857,155.0,0.0089,0.087,0.0089,uk,urban
742231891621892096,113332,1726586,86,765,17.7907,0.1047,14.1176,0.0155,1.1821,12.1349,0.0122,0.2686,0.01,uk,rural
3007445945,145510,2340161,102,585,11.4706,0.0568,6.9307,0.0077,2.7552,2.4209,0.0127,0.5816,0.0239,uk,rural
4118483867,3286,40230,4,6,3.0,0.5,100.0,0.0112,28.45,0.0,0.25,1.0,0.0,uk,urban
96257714,43390,677291,20,49,4.9,0.1289,36.8421,0.0073,9.0464,0.1926,0.0453,0.4425,0.0318,uk,urban
1342989472347131907,6769,76129,9,12,2.6667,0.1667,75.0,0.0125,2.5333,0.0,0.0417,0.375,0.0157,uk,urban
1438088455297413121,8424,118787,6,11,3.6667,0.3667,40.0,0.021,2.1,0.0,0.0,0.0,0.0,uk,urban
1631508109,65715,1048334,32,121,7.5625,0.122,12.9032,0.0138,1.7039,3.1381,0.0462,0.4178,0.0279,uk,rural
51163043,109471,1726078,71,187,5.2676,0.0376,25.7143,0.0053,1.6907,14.1458,0.004,0.0974,0.0026,uk,urban
1010479010747478016,188708,2615422,154,4185,54.3506,0.1776,1.9608,0.0577,2.0492,74.6725,0.0062,0.2238,0.0078,uk,rural
1418705056946393092,153458,2025402,82,742,18.0976,0.1117,7.4074,0.021,3.0608,13.4495,0.0104,0.3951,0.0187,uk,rural
807518312913661952,32859,460193,32,169,10.5625,0.1704,12.9032,0.0256,0.775,0.0,0.0389,0.2929,0.0084,uk,rural
1570671894,139207,2427219,145,1760,24.2759,0.0843,4.1667,0.0145,1.7755,28.694,0.0112,0.3526,0.0269,uk,urban
905966538326462464,37528,521616,21,43,4.0952,0.1024,40.0,0.0073,1.8818,68.0,0.0046,0.05,0.0092,uk,urban
780865516340600832,78836,1411528,116,945,16.2931,0.0708,10.4348,0.0138,1.4346,5.1831,0.0101,0.6692,0.0262,uk,rural
786688994188914688,207016,2627832,132,900,13.6364,0.052,10.687,0.0075,5.8976,13.8761,0.0047,0.3853,0.0047,uk,urban
1486971821119483911,78161,1238178,42,329,15.6667,0.1911,0.0,0.0326,4.4073,1005.3333,0.0417,0.3512,0.0007,uk,rural
2250754085,100142,1279265,78,218,5.5897,0.0363,33.7662,0.005,2.329,3.9452,0.0047,0.3261,0.0052,uk,urban
750359133749186561,56926,966734,43,160,7.4419,0.0886,28.5714,0.0104,1.7031,2.5161,0.0258,0.4418,0.0185,uk,rural
1515666536102518789,20943,290871,21,48,4.5714,0.1143,35.0,0.0098,0.82,0.5769,0.0299,0.6211,0.0052,uk,rural
1457385955678199813,11865,232180,6,5,1.6667,0.1667,100.0,0.005,1.05,0.0,0.0,0.0,0.0,uk,rural
143477518,84617,1303584,91,822,18.0659,0.1004,8.8889,0.0115,3.8899,17.0455,0.0092,0.3544,0.0095,uk,rural
1310878602,54086,804776,45,148,6.5778,0.0747,20.4545,0.0096,2.4895,10.5366,0.0203,0.5418,0.0214,uk,rural
1508437450770862087,47541,847120,45,499,22.1778,0.252,0.0,0.0396,1.0426,30.8,0.0216,0.207,0.0123,uk,rural
1483440697621553157,9033,115557,7,11,3.1429,0.2619,16.6667,0.0234,1.5,0.0,0.0619,0.2667,0.0248,uk,urban
1371185886201843712,85584,1048559,73,729,19.9726,0.1387,11.1111,0.0306,2.1263,15.7304,0.0149,0.3565,0.0172,uk,rural
462393014,28529,563076,27,52,3.8519,0.0741,34.6154,0.0049,5.1333,0.0845,0.015,0.3646,0.0108,uk,urban
1404490979923607555,37116,545138,42,180,8.5714,0.1045,17.0732,0.0204,0.9412,0.0,0.0173,0.1359,0.0074,uk,urban
1469728080415518722,69872,900871,48,508,21.1667,0.2252,8.5106,0.0315,1.7735,655.2,0.0188,0.1541,0.024,uk,urban
1004339048020959233,51352,859024,83,160,3.8554,0.0235,37.8049,0.0152,1.6091,17.6316,0.0004,0.0185,0.0013,uk,urban
760418097169895424,128723,1932744,88,683,15.5227,0.0892,6.8966,0.0172,2.3898,3.4177,0.0162,0.538,0.0348,uk,rural
1019646502262714369,115325,1763417,94,338,7.1915,0.0387,32.2581,0.0036,3.2259,622.6667,0.0052,0.2369,0.0097,uk,urban
1484845537018982400,2498,32082,7,10,2.8571,0.2381,66.6667,0.0111,0.3,0.0,0.0476,0.3333,0.0225,uk,urban
1441625434135797769,51324,606419,29,110,7.5862,0.1355,28.5714,0.0125,4.1967,2.8267,0.0191,0.3949,0.0057,uk,urban
2170817402,367445,3431120,313,4450,28.4345,0.0456,10.8974,0.0146,2.3695,490.6711,0.0046,0.5942,0.015,uk,urban
1432270687952113665,53814,503009,70,332,9.4857,0.0687,17.3913,0.0184,4.8917,390.3333,0.0159,0.7089,0.0176,uk,urban
1491847743542865931,3452,60840,4,3,1.5,0.25,100.0,0.023,,0.0,0.0,0.0,0.0,uk,rural
3306432051,210146,4298028,128,2422,37.8438,0.149,5.5118,0.0329,2.3568,76.2594,0.0094,0.1205,0.0095,uk,urban
1114673662093869056,147334,1488713,82,1460,35.6098,0.2198,7.4074,0.0346,4.9545,17.6611,0.0099,0.2732,0.0122,uk,urban
1459292065041375232,51598,592210,25,57,4.56,0.095,25.0,0.0164,1.9333,11.8889,0.0068,0.0797,0.0155,uk,urban
915504713931608065,99875,1745308,93,833,17.914,0.0974,8.6957,0.0146,1.2057,10.1788,0.0129,0.3955,0.0183,uk,urban
1264485209812209664,16397,168604,12,17,2.8333,0.1288,63.6364,0.005,0.3,0.0,0.022,0.2636,0.0139,uk,urban
4695820699,60522,910290,50,236,9.44,0.0963,14.2857,0.014,1.768,17.4167,0.0166,0.4813,0.0213,uk,urban
1463805744298479622,23983,417351,22,112,10.1818,0.2424,23.8095,0.0294,0.7143,5.8966,0.029,0.3001,0.0051,uk,urban
14517347,128643,1740428,73,227,6.2192,0.0432,19.4444,0.0046,6.6365,1.4363,0.0069,0.4292,0.0052,uk,urban
267906541,58264,659441,43,103,4.7907,0.057,66.6667,0.0055,4.5891,0.7432,0.019,0.8067,0.001,uk,rural
1427409564,60703,855809,44,92,4.1818,0.0486,46.5116,0.0041,1.2111,9.9,0.0076,0.2471,0.0115,uk,urban
1385509163028078594,34820,611762,55,470,17.0909,0.1582,16.6667,0.0208,2.3362,155.8571,0.015,0.3063,0.0104,uk,urban
1263850596760784896,35927,445748,38,268,14.1053,0.1906,5.4054,0.0447,1.3682,0.8734,0.0221,0.5475,0.0004,uk,rural
2327688826,132622,1792671,82,337,8.2195,0.0507,20.9877,0.0127,1.4865,1.3207,0.0058,0.1038,0.0046,uk,urban
1175161364584816640,50052,1025987,81,950,23.4568,0.1466,0.0,0.0197,1.2598,39.8485,0.0137,0.3888,0.0241,uk,urban
22986583,10112,141567,10,19,3.8,0.2111,11.1111,0.0223,1.2,3.0,0.0278,0.2778,0.0112,uk,urban
1216439361174233089,95739,1106928,59,388,13.1525,0.1134,29.3103,0.0166,2.6752,83.451,0.018,0.2246,0.0292,uk,rural
2230398588,47882,463769,32,57,3.5625,0.0575,51.6129,0.0048,1.6333,64.3333,0.0058,0.1253,0.0064,uk,urban
1635417206,26124,437062,33,141,8.5455,0.1335,18.75,0.0205,1.2983,2.061,0.0175,0.4192,0.0052,uk,rural
1482362659190231047,86228,1103499,54,201,7.4444,0.0702,22.6415,0.0079,5.6083,1793.6667,0.0104,0.1023,0.0002,uk,urban
37737561,76577,1131957,83,349,8.4096,0.0513,20.7317,0.0072,3.5865,1.5485,0.0106,0.5833,0.0179,uk,urban
1367427723535220738,38501,348123,26,54,4.1538,0.0831,52.0,0.0124,3.215,26.9565,0.0117,0.2467,0.0088,uk,urban
902250542159847424,1831,29770,3,4,2.6667,0.6667,100.0,0.0376,,0.0,0.3333,1.0,0.0,uk,rural
736487768998707200,64701,611022,45,119,5.2889,0.0601,13.6364,0.0082,1.28,20.3333,0.006,0.1287,0.008,uk,urban
882132661623562240,2730,54282,3,2,1.3333,0.3333,100.0,0.0095,,0.0,0.0,0.0,0.0,uk,urban
1346215847103258624,5949,81748,3,4,2.6667,0.6667,0.0,0.0389,1.5,14.0,0.0,0.0,0.0,uk,rural
1166619509261852672,18818,198566,12,11,1.8333,0.0833,100.0,0.0017,1.2,0.0,0.0,0.0,0.0,uk,urban
1473805229611261960,2301,26444,13,35,5.3846,0.2244,33.3333,0.013,0.5,0.0,0.0728,0.4508,0.0063,uk,urban
2549941298,155760,2669074,145,1628,22.4552,0.078,11.1111,0.0165,2.0633,4.0341,0.0079,0.4614,0.0226,uk,rural
43630146,93314,1373107,71,427,12.0282,0.0859,11.4286,0.0098,1.8892,5.1709,0.0067,0.3299,0.0071,uk,urban
2760492274,94398,1241663,97,499,10.2887,0.0536,17.7083,0.0069,2.1326,1.0492,0.0103,0.6433,0.0186,uk,urban
1185993836784308224,110852,1168286,68,395,11.6176,0.0867,13.4328,0.1199,1.8905,18.85,0.0186,0.1357,0.0246,uk,urban
980225528857849857,7611,83349,5,4,1.6,0.2,100.0,0.0131,,0.0,0.0,0.0,0.0,uk,urban
254741806,154501,2180558,72,511,14.1944,0.1,15.493,0.0145,4.0969,308.4211,0.011,0.2839,0.0065,uk,rural
2411790600,14521,268323,7,8,2.2857,0.1905,66.6667,0.0107,2.25,0.0345,0.0,0.0,0.0,uk,rural
1472566303458271233,41855,639381,75,1653,44.08,0.2978,2.7027,0.0493,1.083,31.7214,0.0095,0.0851,0.0074,uk,urban
985836342818037760,187736,2501491,158,2399,30.3671,0.0967,3.8217,0.0297,1.5045,2426.3333,0.0123,0.2014,0.0355,uk,urban
3633514396,47228,707201,28,45,3.2143,0.0595,44.4444,0.0066,3.7375,14.3333,0.0004,0.0036,0.0001,uk,rural
1247304857054216198,4234,38692,5,5,2.0,0.25,100.0,0.0006,5.8,0.0,0.05,0.25,0.0143,uk,rural
1066837873,53285,855909,42,93,4.4286,0.054,34.1463,0.0059,5.3519,5.7523,0.008,0.2674,0.0068,uk,rural
598223741,57102,795568,41,178,8.6829,0.1085,20.0,0.0139,2.9125,4.3301,0.0146,0.3156,0.0085,uk,rural
630158959,32463,318234,30,76,5.0667,0.0874,44.8276,0.0096,0.7,0.8148,0.0425,0.8264,0.0331,uk,urban
114764602,14682,258964,21,46,4.381,0.1095,40.0,0.0151,0.7444,10.1667,0.0262,0.4829,0.0089,uk,urban
1468243510562279427,39669,554832,32,167,10.4375,0.1683,6.4516,0.0206,2.1654,22.4583,0.0322,0.4748,0.0217,uk,urban
1394643735548506115,112073,1882471,134,2046,30.5373,0.1148,3.7594,0.028,1.6081,24.8989,0.0075,0.495,0.0057,uk,rural
1461728653214158861,116196,1011532,109,780,14.3119,0.0663,12.963,0.0135,2.4692,39.619,0.0098,0.5686,0.0136,uk,urban
1212737599065866240,15493,307183,16,50,6.25,0.2083,20.0,0.0169,0.7267,0.7302,0.0548,0.6833,0.0058,uk,urban
1419279779430338562,85845,746177,58,576,19.8621,0.1742,1.7544,0.025,3.0649,229.7222,0.024,0.1767,0.0098,uk,urban
1131192244122398720,51984,741391,45,171,7.6,0.0864,36.3636,0.0135,8.475,451.0,0.0197,0.2038,0.0157,uk,urban
777529550582509568,1706,39089,1,0,0.0,0.0,100.0,0.0,,0.0,0.0,0.0,0.0,uk,urban
1323511475194023941,44685,629111,51,97,3.8039,0.038,54.0,0.0054,2.4333,0.6537,0.003,0.1441,0.0034,uk,urban
14734727,154131,2231305,121,391,6.4628,0.0269,33.3333,0.0031,2.008,3.847,0.0087,0.4266,0.0182,uk,urban
875942386978914304,53105,868257,46,279,12.1304,0.1348,8.8889,0.0204,2.0146,0.8686,0.0311,0.546,0.016,uk,urban
896851059427205123,143661,1372068,93,577,12.4086,0.0674,13.0435,0.009,3.7493,1.8656,0.0104,0.8742,0.0011,uk,urban
969600505038233602,26969,381825,19,30,3.1579,0.0877,50.0,0.0135,1.8364,17.3636,0.0007,0.0098,0.0014,uk,urban
1337080450410549249,224,1758,1,0,0.0,0.0,100.0,0.0,,0.0,0.0,0.0,0.0,uk,urban
169137835,116022,1757389,84,413,9.8333,0.0592,13.253,0.0082,3.1782,4.8723,0.0155,0.3709,0.0219,uk,urban
1098735168,19707,334330,16,42,5.25,0.175,20.0,0.0099,2.5667,0.8934,0.0417,0.6476,0.0047,uk,rural
969469676970545152,15860,241156,23,122,10.6087,0.2411,4.5455,0.03,4.5731,52.7544,0.0533,0.4252,0.0158,uk,rural
1445002986758057987,7492,98019,12,62,10.3333,0.4697,9.0909,0.0866,1.3875,3.44,0.0561,0.217,0.0282,uk,urban
2751156647,63064,1017061,47,136,5.7872,0.0629,19.5652,0.0071,8.5654,3.4585,0.0122,0.4987,0.0079,uk,rural
140563071,2957,35781,1,0,0.0,0.0,100.0,0.0,,0.0,0.0,0.0,0.0,uk,urban
1244179241534709761,30336,451400,24,97,8.0833,0.1757,13.0435,0.0191,3.3068,18.4,0.0248,0.284,0.0098,uk,rural
2539770375,88114,1041052,61,217,7.1148,0.0593,16.6667,0.0063,1.1875,9.9615,0.0055,0.1257,0.0078,uk,urban
1057604426192601089,32010,562270,42,421,20.0476,0.2445,9.7561,0.0444,1.3366,4.0,0.0199,0.4498,0.019,uk,rural
1167069435485724673,28552,375805,30,111,7.4,0.1276,27.5862,0.0127,1.4732,0.8471,0.0301,0.6873,0.0069,uk,urban
897821542742204416,65305,952242,107,1454,27.1776,0.1282,4.717,0.0174,1.4232,504.25,0.0108,0.5004,0.0013,uk,urban
1488126399768576000,33680,589885,37,320,17.2973,0.2402,2.7778,0.0381,1.4028,0.0,0.0268,0.2752,0.0111,uk,urban
1481161617144492035,28012,301757,14,23,3.2857,0.1264,23.0769,0.0089,10.24,7.127,0.0101,0.1314,0.009,uk,urban
821883489658294273,49400,761083,28,52,3.7143,0.0688,44.4444,0.0049,2.8167,13.0833,0.0006,0.0114,0.0016,uk,urban
1218131375934574593,295154,4455681,161,1494,18.559,0.058,5.625,0.0072,3.1343,48.5298,0.0083,0.3542,0.0142,uk,urban
1974071737,147067,2130538,101,436,8.6337,0.0432,19.0,0.0088,4.6155,0.9356,0.0134,0.4544,0.0139,uk,rural
1096588851982880768,25261,401847,16,33,4.125,0.1375,40.0,0.0124,0.5857,0.9524,0.0143,0.2,0.0149,uk,urban
1476620614970527745,26422,249719,19,87,9.1579,0.2544,22.2222,0.0238,4.5603,23.4907,0.0353,0.5601,0.0048,uk,rural
1351147609,228246,2781183,110,908,16.5091,0.0757,3.6697,0.0194,3.6877,8.2611,0.0067,0.0919,0.0008,uk,urban
1364606075836768257,10869,91188,12,27,4.5,0.2045,27.2727,0.0105,0.6,0.2,0.0561,0.4545,0.0158,uk,urban
1489007407955156992,58903,648919,34,225,13.2353,0.2005,12.1212,0.0145,6.1193,464.0667,0.0289,0.2007,0.0079,uk,urban
1367071368521670656,101409,1378694,57,267,9.3684,0.0836,21.4286,0.016,6.3298,24.0702,0.0124,0.5512,0.0046,uk,urban
4895874057,6880,125719,22,29,2.6364,0.0628,76.1905,0.0062,,0.0,0.0084,0.1857,0.0083,uk,urban
256144247,81931,1101726,46,131,5.6957,0.0633,24.4444,0.0091,2.2562,59.1667,0.0027,0.0626,0.0075,uk,urban
4927169986,13349,174871,13,21,3.2308,0.1346,50.0,0.0116,0.45,0.0,0.0286,0.2045,0.0229,uk,rural
1124853589,46880,556642,46,118,5.1304,0.057,40.0,0.011,2.634,0.7016,0.0206,0.6348,0.0228,uk,rural
1178715441956564994,101232,1452244,70,332,9.4857,0.0687,26.087,0.0082,1.9785,3.6733,0.0147,0.3161,0.0031,uk,rural
1325372863197679616,10613,92905,10,19,3.8,0.2111,66.6667,0.0089,1.4667,0.0932,0.0861,0.8611,0.0018,uk,urban
1229866358344646656,58449,477687,98,517,10.551,0.0544,15.4639,0.0107,2.2294,7.4851,0.0096,0.8965,0.0008,uk,urban
2652650356,47526,939488,22,32,2.9091,0.0693,71.4286,0.009,2.0571,0.2973,0.0113,0.2381,0.0093,uk,rural
1425672140548886531,2370,40149,4,6,3.0,0.5,0.0,0.0798,,0.0,0.0417,0.1667,0.0069,uk,rural
1259850890774810634,66,568,1,0,0.0,0.0,100.0,0.0,,0.0,0.0,0.0,0.0,uk,urban
1404747498799894533,1862,17076,2,1,1.0,0.5,100.0,0.0,,0.0,0.0,0.0,0.0,uk,urban
1078320155397144577,43028,644957,28,92,6.5714,0.1217,22.2222,0.0132,2.65,2.5333,0.0283,0.7438,0.0009,uk,urban
79961040,75403,921477,72,247,6.8611,0.0483,29.5775,0.0071,3.3658,2.2191,0.011,0.4192,0.0265,uk,urban
1890730214,6892,59747,5,8,3.2,0.4,50.0,0.0049,4.65,1.0977,0.0667,0.3333,0.0133,uk,urban
2616669177,72284,1108232,69,222,6.4348,0.0473,29.4118,0.0048,1.0667,0.7127,0.0106,0.5427,0.0111,uk,urban
766169795721134080,77444,1177367,65,328,10.0923,0.0788,23.4375,0.0181,0.9179,6.7826,0.0113,0.4957,0.006,uk,urban
1393996661429612545,55122,877768,52,269,10.3462,0.1014,3.9216,0.0117,1.9396,2.7382,0.017,0.476,0.0159,uk,urban
983273836819992576,33317,454652,40,178,8.9,0.1141,30.7692,0.0336,2.4605,0.155,0.023,0.7808,0.0034,uk,rural
2731964869,53167,868200,39,128,6.5641,0.0864,26.3158,0.0089,5.9125,0.0,0.0083,0.1516,0.0089,uk,urban
724539381751668736,123661,1619762,118,527,8.9322,0.0382,32.4786,0.0066,1.4275,94.1667,0.0084,0.4925,0.017,uk,urban
2512166865,3818,41043,7,13,3.7143,0.3095,33.3333,0.0316,0.3,0.0,0.0619,0.4333,0.0165,uk,urban
1316751788050206723,65560,488166,80,408,10.2,0.0646,17.7215,0.0109,2.5862,1.0126,0.0111,0.7933,0.0032,uk,urban
29996155,113198,1420609,103,673,13.068,0.0641,20.5882,0.0115,2.4845,1.8592,0.0098,0.6462,0.0164,uk,rural
1374042935461879812,13225,230043,12,29,4.8333,0.2197,54.5455,0.0152,2.4,0.0,0.053,0.6,0.0028,uk,rural
958380757881376769,37820,471423,31,48,3.0968,0.0516,46.6667,0.0038,0.825,0.5714,0.0001,0.0023,0.0,uk,urban
1369768368799105026,151535,1992043,67,627,18.7164,0.1418,6.0606,0.0222,4.4212,4.5019,0.0117,0.4095,0.0002,uk,rural
1121863709373210630,79760,1491397,72,662,18.3889,0.1295,1.4085,0.0204,1.8732,442.3333,0.0216,0.488,0.0138,uk,rural
20815530,149185,1997397,78,640,16.4103,0.1066,11.6883,0.0109,10.2236,2.513,0.0078,0.4862,0.0028,uk,rural
24358115,45468,716208,40,141,7.05,0.0904,12.8205,0.0072,3.7981,2.2699,0.0129,0.3495,0.0154,uk,urban
1232713584423165952,14745,345257,12,41,6.8333,0.3106,0.0,0.0429,1.6429,0.7424,0.0614,0.4394,0.0219,uk,rural
290740468,30580,524575,30,149,9.9333,0.1713,13.7931,0.0211,2.2554,28.3721,0.0326,0.4925,0.0084,uk,urban
1467110690804617222,78,536,1,0,0.0,0.0,100.0,0.0,,0.0,0.0,0.0,0.0,uk,urban
1268286508353687557,86094,1575160,66,608,18.4242,0.1417,9.2308,0.0226,2.1111,20.6895,0.0159,0.4493,0.0071,uk,rural
892406915451547649,74481,1376891,75,935,24.9333,0.1685,4.0541,0.0245,1.7169,9.576,0.0134,0.4565,0.0102,uk,rural
1184240944851410944,41763,520218,33,145,8.7879,0.1373,12.5,0.0189,1.739,1.6906,0.0246,0.5676,0.0205,uk,urban
576140419,32277,548586,29,43,2.9655,0.053,60.7143,0.0077,1.52,3.2222,0.0013,0.0357,0.0062,uk,urban
2274685471,141202,2029203,97,615,12.6804,0.066,25.0,0.0109,2.5108,5.5321,0.0099,0.4846,0.0122,uk,rural
3010754626,33561,389445,24,48,4.0,0.087,65.2174,0.0064,2.4619,3.9238,0.0195,0.3462,0.0141,uk,urban
19444063,50923,781848,57,223,7.8246,0.0699,21.4286,0.0103,3.3571,32.5714,0.0265,0.6011,0.0134,uk,urban
2347646560,115301,1615326,82,512,12.4878,0.0771,13.5802,0.0252,2.3525,1.9611,0.0089,0.5295,0.006,uk,rural
578984228,73635,1011111,57,142,4.9825,0.0445,30.3571,0.0047,2.5853,12.3182,0.0164,0.4359,0.0304,uk,rural
1170724057442062337,43629,630696,79,2828,71.5949,0.4589,1.2821,0.1564,1.4537,20.4648,0.0073,0.1373,0.0032,uk,urban
1141007018,109292,1711165,79,212,5.3671,0.0344,26.9231,0.0047,4.51,1.5538,0.0092,0.5298,0.0127,uk,urban
1073880229058371584,77283,1295852,138,3800,55.0725,0.201,2.9197,0.0409,1.4898,22.3865,0.0058,0.2179,0.0074,uk,rural
753609125028892672,38952,688205,33,50,3.0303,0.0473,56.25,0.0048,1.575,0.0,0.0034,0.0806,0.008,uk,urban
1424506989627969548,103010,683209,93,225,4.8387,0.0263,19.5652,0.0021,0.8466,2.6103,0.0019,0.0727,0.0084,uk,urban
1412341167048511488,69720,1182148,82,1416,34.5366,0.2132,2.4691,0.0488,1.3671,219.1,0.0117,0.1531,0.0057,uk,rural
2700961494,35128,483746,35,105,6.0,0.0882,32.3529,0.0107,1.0789,1.5625,0.0281,0.6987,0.0203,uk,urban
1591647734,41830,820679,33,113,6.8485,0.107,12.5,0.0132,1.7294,3.4545,0.0186,0.1683,0.0152,uk,rural
959125888397926400,88930,1592302,72,387,10.75,0.0757,14.0845,0.0114,2.693,27.6489,0.0147,0.4261,0.0107,uk,rural
886533577332195328,105860,1651975,72,552,15.3333,0.108,9.8592,0.0152,2.9454,4.4488,0.0124,0.5582,0.0123,uk,rural
3413132453,99923,1225008,61,466,15.2787,0.1273,10.0,0.019,2.9487,164.6905,0.0259,0.1699,0.0,uk,urban
3428517459,161402,2443165,147,2232,30.3673,0.104,3.4247,0.0244,1.9694,4.87,0.008,0.4138,0.0051,uk,rural
254681986,161503,2047429,124,1896,30.5806,0.1243,4.065,0.0171,2.5174,5.183,0.0097,0.3113,0.018,uk,rural
115087955,78510,1167999,110,657,11.9455,0.0548,14.6789,0.0078,2.0354,1.4253,0.0119,0.7609,0.0245,uk,urban
543456447,20603,322363,16,30,3.75,0.125,26.6667,0.0076,2.0533,1.9333,0.0235,0.3762,0.0108,uk,rural
1473925397695938562,44697,448679,42,76,3.619,0.0441,39.0244,0.0029,1.0182,0.75,0.0064,0.1866,0.0115,uk,urban
1487943163344035843,41673,451674,30,79,5.2667,0.0908,20.6897,0.0067,1.1,50.3333,0.0316,0.3953,0.0244,uk,rural
1303432300437401602,102638,2045898,76,387,10.1842,0.0679,20.0,0.0062,3.8735,21.6788,0.0085,0.2904,0.013,uk,rural
418156128,44588,524053,30,50,3.3333,0.0575,27.5862,0.0047,1.3125,0.8584,0.0044,0.0911,0.0115,uk,urban
1210277268167307264,30207,527700,46,298,12.9565,0.144,11.1111,0.0179,1.9556,7.25,0.02,0.6497,0.0096,uk,urban
1473412039611760647,144661,2245920,78,506,12.9744,0.0842,14.2857,0.0132,3.2236,31.9682,0.0121,0.248,0.0152,uk,urban
450024336,7256,98455,10,17,3.4,0.1889,77.7778,0.0079,0.3,0.0,0.0639,0.6389,0.0065,uk,rural
106381237,70692,906862,49,148,6.0408,0.0629,33.3333,0.0222,1.8255,0.2806,0.0211,0.9638,0.0064,uk,urban
1542598417024679937,18900,240695,22,180,16.3636,0.3896,9.5238,0.0428,1.5343,47.9524,0.0325,0.2817,0.0039,uk,rural
1434498773946875910,50,777,1,0,0.0,0.0,100.0,0.0,,0.0,0.0,0.0,0.0,uk,urban
1589332016,101466,1918501,63,314,9.9683,0.0804,6.4516,0.015,13.4337,36.9556,0.0279,0.4339,0.0209,uk,urban
1462185753719586819,135141,2316004,114,1288,22.5965,0.1,2.6549,0.0191,2.2103,134.8537,0.0107,0.3845,0.0115,uk,urban
1280045530639368193,56459,1068187,24,71,5.9167,0.1286,8.6957,0.02,1.6741,0.3412,0.0425,0.313,0.0218,uk,urban
1287927601772875778,25004,205839,13,23,3.5385,0.1474,25.0,0.0083,2.1333,10.6364,0.0064,0.0568,0.0043,uk,urban
1497468956520685570,112947,1277017,61,98,3.2131,0.0268,66.6667,0.0028,3.0133,15.7407,0.0017,0.0987,0.0044,uk,rural
1817129521,90855,891962,90,1267,28.1556,0.1582,8.9888,0.0361,3.0451,2.0636,0.009,0.4668,0.0018,uk,rural
179465377,13970,161976,13,18,2.7692,0.1154,41.6667,0.0048,0.3,0.0,0.0064,0.0833,0.0129,uk,rural
2890939416,38765,458026,33,127,7.697,0.1203,34.375,0.0144,2.5958,0.7403,0.0284,0.8759,0.0002,uk,urban
78820424,38800,642319,38,91,4.7895,0.0647,62.1622,0.0089,1.6667,5.0606,0.0168,0.5786,0.0068,uk,urban
1045772687640068097,22054,264726,15,33,4.4,0.1571,21.4286,0.0087,0.5727,0.05,0.0341,0.4167,0.0151,uk,rural
867263058749607936,49751,551864,37,128,6.9189,0.0961,19.4444,0.0145,3.1935,40.25,0.0174,0.3083,0.0124,uk,urban
1485971404499701763,88603,1147273,64,373,11.6562,0.0925,6.3492,0.0238,1.0682,180.6,0.0268,0.3725,0.0131,uk,urban
1189826468467167232,22649,309522,28,128,9.1429,0.1693,7.4074,0.0127,4.3902,2.629,0.0391,0.5093,0.0335,uk,urban
1423670010187235336,62,575,1,0,0.0,0.0,100.0,0.0,,0.0,0.0,0.0,0.0,uk,urban
196550513,26959,414614,25,108,8.64,0.18,20.8333,0.0171,0.8095,0.8681,0.0461,0.6255,0.0001,uk,rural
756575406623522816,59577,773084,61,264,8.6557,0.0721,16.6667,0.0133,1.4564,12.5238,0.0237,0.2785,0.0096,uk,urban
1285972524770222080,16481,186907,20,61,6.1,0.1605,26.3158,0.016,2.4125,7.0417,0.0158,0.0858,0.012,uk,rural
397453197,220741,2148363,167,3275,39.2216,0.1181,5.4217,0.0231,3.6933,44.9172,0.006,0.4366,0.0085,uk,rural
1278978612054589440,95279,928731,59,140,4.7458,0.0409,24.1379,0.0045,1.0387,2.3895,0.0041,0.1987,0.0088,uk,urban
1455560461856935937,57884,670121,86,361,8.3953,0.0494,18.8235,0.0117,1.1364,1.572,0.0092,0.721,0.0035,uk,urban
498304178,20482,342711,31,207,13.3548,0.2226,10.0,0.0538,1.2083,1.8431,0.0324,0.4634,0.0218,uk,rural
1266090572240076802,201077,3883314,129,1700,26.3566,0.103,6.25,0.018,4.0773,23.9356,0.0102,0.2562,0.0241,uk,rural
1282332229625143296,57653,770675,67,194,5.791,0.0439,40.9091,0.0093,1.3429,4.2222,0.0118,0.5183,0.0165,uk,rural
1320871614347677696,1022,21945,1,0,0.0,0.0,100.0,0.0,,0.0,0.0,0.0,0.0,uk,urban
2649594667,183851,1919920,96,531,11.0625,0.0582,6.3158,0.0076,5.2045,3.7473,0.0149,0.7424,0.0533,uk,urban
1035516433,9226,166967,5,14,5.6,0.7,25.0,0.0283,4.275,0.0,0.1,0.5,0.0,uk,urban
1428272771562459138,32018,395013,24,52,4.3333,0.0942,47.8261,0.0082,6.6136,241.5,0.009,0.17,0.0196,uk,urban
1653104142,41290,736913,28,79,5.6429,0.1045,14.8148,0.0081,3.1625,0.3386,0.0089,0.1788,0.0006,uk,rural
1423244853937324036,96339,1205215,60,358,11.9333,0.1011,11.8644,0.0112,2.3644,12.2246,0.0148,0.1852,0.0119,uk,rural
825269310939594752,69701,1082362,42,280,13.3333,0.1626,7.3171,0.0255,1.8504,8.0385,0.0301,0.3202,0.0031,uk,rural
1224062879340597248,86721,999740,51,228,8.9412,0.0894,14.0,0.012,3.4627,18.6442,0.0136,0.4804,0.0079,uk,urban
1510362520003006470,20188,279893,13,61,9.3846,0.391,0.0,0.0522,2.4828,9.4348,0.0338,0.1244,0.01,uk,rural
392266153,103572,1801901,73,246,6.7397,0.0468,29.1667,0.0065,2.6256,14.6806,0.0058,0.2767,0.0058,uk,urban
1734673783,54174,1091879,44,222,10.0909,0.1173,9.3023,0.0177,2.7806,81.0952,0.0333,0.5993,0.0312,uk,rural
293764444,50751,555604,58,133,4.5862,0.0402,43.8596,0.0064,1.5229,3.1641,0.0113,0.5976,0.0062,uk,rural
50344951,91008,1419445,77,532,13.8182,0.0909,7.8947,0.0261,5.9861,2.0454,0.0166,0.4678,0.0118,uk,rural
873231553,31645,461850,24,63,5.25,0.1141,26.087,0.0089,0.7947,1.7455,0.0193,0.414,0.0054,uk,urban
1384600941672861702,16948,362779,19,71,7.4737,0.2076,11.1111,0.021,0.55,0.0,0.044,0.2979,0.0175,uk,rural
38829841,170095,2586108,87,394,9.0575,0.0527,12.7907,0.0061,3.119,6.2369,0.0205,0.3849,0.0103,uk,rural
818469977753866240,57502,1154671,45,174,7.7333,0.0879,15.9091,0.0115,3.4654,2.5472,0.0252,0.5753,0.0191,uk,rural
622284854,178429,2520230,195,2855,29.2821,0.0755,6.1856,0.0129,1.4406,35.3846,0.0076,0.5507,0.0274,uk,urban
1330660476288704516,33235,297925,43,130,6.0465,0.072,21.4286,0.0099,0.9136,2.2951,0.0155,0.5338,0.0163,uk,urban
1121146995111022592,91536,1225685,49,449,18.3265,0.1909,6.25,0.0391,12.6051,9.8715,0.0206,0.459,0.0142,uk,urban
1353606727766306818,49639,323522,48,138,5.75,0.0612,17.0213,0.0105,0.7562,2.5072,0.008,0.293,0.0068,uk,urban
1392784429,72,957,1,0,0.0,0.0,100.0,0.0,,0.0,0.0,0.0,0.0,uk,urban
242023778,65574,1222871,54,244,9.037,0.0853,15.0943,0.0128,1.4072,6.4692,0.0215,0.4547,0.0224,uk,urban
46888926,62303,730757,63,165,5.2381,0.0422,33.871,0.0041,3.8333,62.25,0.0133,0.5026,0.0206,uk,urban
1477353497632952336,125598,1566927,93,2323,49.957,0.2715,1.087,0.0814,3.2836,136.4027,0.0088,0.1009,0.0055,uk,urban
1164498615722790913,36676,697287,29,66,4.5517,0.0813,25.0,0.0092,1.3,0.0,0.0114,0.1997,0.0126,uk,rural
834824710215041025,2167,18476,5,7,2.8,0.35,50.0,0.0212,,0.0,0.1167,0.3333,0.0056,uk,urban
1217048223577145344,123752,1058232,76,204,5.3684,0.0358,37.3333,0.0058,4.8649,43.8333,0.0073,0.0515,0.0038,uk,urban
708168349490876416,66336,556249,95,714,15.0316,0.08,7.4468,0.0117,4.6526,3.3985,0.0091,0.7477,0.0001,uk,urban
3323379566,789,8724,1,0,0.0,0.0,100.0,0.0,,0.0,0.0,0.0,0.0,uk,urban
1535524860193013760,85355,1036483,39,120,6.1538,0.081,23.6842,0.0087,4.5186,28.4394,0.0197,0.3101,0.0371,uk,rural
56133494,41546,864732,31,64,4.129,0.0688,43.3333,0.0045,0.7938,0.3093,0.0181,0.3314,0.0128,uk,urban
1401098568400842753,91427,1682367,95,2132,44.8842,0.2387,4.2553,0.0453,1.3364,17.1306,0.0092,0.3158,0.0065,uk,urban
1143577821127892995,26987,311692,20,30,3.0,0.0789,47.3684,0.0061,1.8429,0.1518,0.0152,0.25,0.015,uk,urban
209172524,157399,1582241,123,368,5.9837,0.0245,27.8689,0.022,2.0881,2.5402,0.0028,0.057,0.0038,uk,urban
1169168577372590080,18365,293459,15,23,3.0667,0.1095,42.8571,0.0116,,0.0,0.0062,0.0714,0.0121,uk,urban
1301149711328571392,96420,1282284,48,109,4.5417,0.0483,40.4255,0.0033,17.2605,12.9553,0.0087,0.3067,0.0117,uk,rural
1865392826,146348,507053,112,574,10.25,0.0462,20.7207,0.0092,5.9023,1307.3333,0.0104,0.3133,0.0024,uk,urban
1338954196339585026,125710,1384507,75,492,13.12,0.0886,13.5135,0.0104,3.7782,103.9506,0.0231,0.5947,0.0801,uk,urban
3079210743,44648,463741,60,205,6.8333,0.0579,22.0339,0.0181,0.5684,0.0,0.0132,0.2556,0.0188,uk,urban
1329170836364910594,73935,1029146,86,1444,33.5814,0.1975,3.5294,0.0352,0.9331,76.5625,0.0064,0.1905,0.0039,uk,urban
1503551468510535683,71437,786517,49,168,6.8571,0.0714,16.6667,0.011,1.8237,0.6998,0.0117,0.0846,0.0119,uk,rural
757158823,79405,1140127,81,194,4.7901,0.0299,50.0,0.0051,2.2787,2.2629,0.0074,0.3076,0.014,uk,rural
1520507466152394752,110569,2160736,78,969,24.8462,0.1613,9.0909,0.0307,1.8839,7.3633,0.0147,0.2802,0.0017,uk,rural
1288097454450147328,55262,656740,38,220,11.5789,0.1565,5.4054,0.0234,2.0102,14.6349,0.0366,0.2038,0.0169,uk,urban
1032314543261863937,111111,2121723,92,435,9.4565,0.052,18.6813,0.0081,1.2677,10.2877,0.0097,0.6118,0.0194,uk,rural
1519045727233658881,47919,887888,50,155,6.2,0.0633,16.3265,0.0093,3.0875,122.5,0.0206,0.4145,0.0313,uk,rural
287820043,91785,1717520,57,104,3.6491,0.0326,46.4286,0.0041,1.8586,2.9343,0.0031,0.1752,0.0045,uk,rural
1510204593044606979,99098,1129880,92,2677,58.1957,0.3198,4.3956,0.0433,1.9815,40.2184,0.0082,0.0841,0.0148,uk,rural
1398097556199165953,14477,224459,11,18,3.2727,0.1636,80.0,0.0025,2.9667,13.8333,0.0525,0.5778,0.0072,uk,urban
218091740,206565,3661962,128,417,6.5156,0.0257,37.7953,0.0041,1.6662,14.7361,0.0098,0.4095,0.0143,uk,urban
1278714907438067712,68062,961920,82,632,15.4146,0.0952,16.0494,0.0201,1.5473,23.7864,0.0122,0.5741,0.013,uk,urban
2745124053,60814,1174244,55,344,12.5091,0.1158,3.7037,0.0158,1.7798,5.5,0.0163,0.5448,0.0131,uk,rural
1486688363667197952,30,282,1,0,0.0,0.0,100.0,0.0,,0.0,0.0,0.0,0.0,uk,urban
941003216711503872,24345,336879,25,208,16.64,0.3467,4.1667,0.0388,3.8975,193.875,0.0303,0.1775,0.0035,uk,rural
378779189,61918,1061150,31,125,8.0645,0.1344,26.6667,0.0101,17.2159,3.4282,0.0191,0.4859,0.0038,uk,urban
881525726863921152,24801,488849,14,37,5.2857,0.2033,15.3846,0.0177,0.5,0.0,0.0769,0.4776,0.036,uk,rural
1058378728835870722,91593,1352658,73,313,8.5753,0.0596,23.6111,0.0108,1.7984,16.9844,0.0165,0.6451,0.0174,uk,urban
30919265,93788,1231827,62,206,6.6452,0.0545,14.7541,0.0062,2.7483,3.5937,0.0214,0.7137,0.0294,uk,urban
2456982946,56538,863539,55,160,5.8182,0.0539,24.0741,0.0083,2.2045,27.5294,0.0079,0.3036,0.0139,uk,rural
1424466811718934533,15176,89086,12,16,2.6667,0.1212,63.6364,0.0113,1.3,1.8889,0.0152,0.1818,0.0156,uk,rural
389055549,104861,1590250,87,728,16.7356,0.0973,16.2791,0.0136,3.1625,7.6068,0.0118,0.6719,0.0225,uk,rural
1436357629,45523,706675,40,163,8.15,0.1045,23.0769,0.0086,2.9086,1.1992,0.021,0.4788,0.0182,uk,urban
1344217863561867264,83312,995987,53,219,8.2642,0.0795,5.7692,0.0092,11.9953,2.3265,0.0258,0.4433,0.0348,uk,rural
1100003403122511872,104301,1690942,129,1299,20.1395,0.0787,3.9062,0.0128,2.0,9.7487,0.0105,0.5923,0.0229,uk,rural
4892145742,178142,1547113,135,3631,53.7926,0.2007,1.4925,0.0461,3.0336,1897.4211,0.007,0.2342,0.0028,uk,urban
217755582,72652,1064689,44,133,6.0455,0.0703,25.5814,0.0104,2.6167,1.4072,0.0091,0.2383,0.0076,uk,rural
1379890855088156672,119814,1183238,90,567,12.6,0.0708,32.5843,0.0109,4.0032,192.0444,0.0047,0.2911,0.0057,uk,urban
555921263,125896,1620849,120,851,14.1833,0.0596,10.084,0.0105,2.5907,1.5858,0.0068,0.7,0.0034,uk,rural
1391177925546893313,8896,172661,5,8,3.2,0.4,0.0,0.0193,0.55,0.8333,0.0333,0.1667,0.0042,uk,urban
1056703009428783105,26086,396612,21,57,5.4286,0.1357,35.0,0.0137,3.0091,35.7778,0.0241,0.1908,0.0136,uk,rural
86196492,163995,2753640,100,1147,22.94,0.1159,6.0606,0.0186,2.568,5.5928,0.0115,0.6185,0.0182,uk,rural
129884941,44539,701898,27,72,5.3333,0.1026,38.4615,0.008,3.9684,4.7338,0.015,0.3305,0.009,uk,rural
345845957,86400,1264652,42,174,8.2857,0.101,19.5122,0.0068,12.1975,1.9248,0.017,0.6131,0.009,uk,urban
252276272,602,7731,1,0,0.0,0.0,100.0,0.0,,0.0,0.0,0.0,0.0,uk,urban
1477562629765881856,34010,361310,36,95,5.2778,0.0754,17.1429,0.0163,1.2125,11.9333,0.0259,0.532,0.0235,uk,rural
